CustomerID,AverageRevenue
12346,77183.6
16446,56157.5
15098,13305.5
15749,4453.43
15195,3861.0
13135,3096.0
17846,2033.1
18087,2027.8599999999997
16532,1687.1999999999998
16000,1377.0777777777776
16754,1001.2
12755,952.9874999999998
18133,931.4999999999999
12798,872.1299999999999
17949,835.864
17553,743.8
15299,643.8585714285715
16308,640.0
16986,624.4
18080,615.75
18102,602.45313225058
16333,591.7066666666667
13270,590.0
17450,578.544017857143
17291,550.8000000000001
17443,534.24
16041,527.7333333333333
12931,512.8775609756098
15389,500.0
17857,497.76
16742,464.9
15802,451.42
16716,450.6
15524,440.0
18233,440.0
15769,432.71323076923073
16881,432.0
16692,425.3333333333333
16737,417.59999999999997
15649,408.0
16698,399.6
12908,375.0
12980,368.745
12557,363.3624242424242
17948,358.56000000000006
14566,358.0
17029,358.0
12823,351.9
14145,340.2
16029,335.48066390041487
14603,330.0
17723,327.64000000000004
17715,326.4
14424,322.08
14887,310.3333333333333
12917,297.0
15442,297.0
13452,295.0
15100,291.99999999999994
17317,288.9266666666667
16671,282.045
13631,279.1290909090909
14045,276.625
15797,275.925
17396,271.51111111111106
18251,269.67
16013,267.1266187050359
13027,265.84615384615387
15171,257.9
13848,251.0
15510,250.0
12939,246.42127659574467
12603,246.39999999999998
15118,244.8
17925,244.08
16684,240.6265703971119
16182,236.34464285714284
12454,235.22266666666667
17347,228.96
17500,227.6
17788,223.58
17940,223.33555555555554
17353,217.5
12435,217.49694444444444
17923,207.50000000000003
16323,207.50000000000003
13099,207.35999999999999
15269,204.4
13017,204.0
13225,201.995
15838,201.45556886227547
14607,200.11728395061732
16505,194.4
17616,190.39999999999998
17381,186.01477064220185
17133,181.1940740740741
13298,180.0
12830,179.33263157894734
13228,179.0
15043,179.0
16990,179.0
14705,179.0
14935,178.471
13147,178.2
13953,175.78399999999996
17331,175.2
16144,175.2
12415,174.46163407821228
18017,174.33333333333334
13068,172.0
12875,171.61500000000004
16210,171.43333333333337
14101,170.76542857142857
17391,169.60000000000002
17929,168.6
15316,165.0
14548,163.2
17404,161.14555555555557
15473,161.01818181818183
17044,158.08
15267,156.12363636363636
18220,152.64000000000001
17941,152.28
12901,152.19431034482756
13689,151.66666666666666
14609,150.39
17389,149.453896713615
18246,149.02499999999998
15653,146.23999999999998
14866,145.35252525252525
12590,145.06264705882353
14195,144.57142857142858
16163,142.76666666666668
16429,142.275
12643,139.35999999999999
18194,139.12
13791,137.8181818181818
14616,135.36
15061,135.32044665012404
16377,135.24
16276,135.10000000000002
16319,134.8
14646,134.71443269230767
15562,134.55
13217,133.495
13629,132.07389830508475
12664,131.94270270270272
13777,131.86375634517768
14477,130.95999999999998
17306,130.77742424242425
17414,129.66666666666666
17896,128.16
17268,127.27333333333333
14828,125.86823529411764
16976,125.75999999999999
13029,124.75
17640,124.332
16073,122.39999999999999
16281,121.2976470588235
17152,120.67857142857143
15971,119.99571428571427
14212,118.94222222222223
15341,118.85411764705883
16656,118.16164383561643
15222,117.0
18064,116.28571428571429
13694,114.5063732394366
14434,114.39999999999999
13763,114.33066666666667
14258,114.14396396396396
13941,113.62133333333334
16545,113.10000000000001
12770,112.62083333333334
12882,112.54153846153847
15482,112.16247422680412
15619,112.13333333333334
15368,111.73500000000001
14680,111.45003875968993
12891,110.33333333333333
12818,110.14857142857146
12753,108.77862944162437
12989,108.18921875000001
12678,106.83915151515151
13798,106.4580229226361
15070,106.2
13261,104.9
13525,104.79666666666667
17262,104.44666666666667
12863,104.23999999999998
18174,104.0
16107,103.36
13145,103.08666666666666
18092,101.89056179775281
18068,101.69999999999999
12409,101.58412844036695
15587,101.52000000000001
17937,100.02837209302324
13703,99.5
15199,97.59230769230768
16872,97.14571428571428
17313,97.03500000000001
15864,96.816
13868,96.74363636363637
14147,96.67999999999999
13881,96.40179775280899
12791,96.30000000000001
17386,95.94357142857142
12744,95.85265765765767
17924,95.56451612903226
15032,95.3673076923077
13324,94.95933333333335
17511,94.5611422637591
17856,94.53533333333333
15251,94.45936936936938
16989,94.4375
14062,94.27792792792793
16422,93.99566395663953
13929,93.6277777777778
12873,93.5
14199,92.69999999999999
17457,91.4578947368421
15125,90.77543307086614
16927,90.50833333333333
15945,90.5
18084,90.47999999999999
14608,89.25750000000001
13587,89.05
17809,88.71983606557379
14423,88.39999999999999
14463,88.27
12967,87.41578947368421
17354,87.06625
14088,85.72463497453313
12403,85.53999999999999
17513,85.53333333333335
13841,85.0
15497,84.14666666666668
14156,84.02156272401433
17388,83.97066666666666
14124,83.916
14439,83.16375
15694,83.06923076923077
13199,82.49680672268907
12752,82.3920754716981
14987,81.6
15621,80.814375
15221,80.65
17752,80.64
15793,80.46750000000002
15939,80.46065789473685
13094,80.305
15286,80.18333333333334
12950,80.1304347826087
13340,80.12298507462688
13685,79.98564102564102
13747,79.6
13784,79.44483870967741
16660,79.228125
16078,79.2
15753,79.2
14752,77.928
13493,77.32875
14967,77.3
17819,77.18479166666667
13328,76.96941176470588
16966,76.96321428571427
15973,76.955
13802,76.657
15189,76.53485849056604
13106,76.5
15668,76.32000000000001
14090,76.32000000000001
16148,76.32000000000001
18113,76.32000000000001
14411,75.92857142857143
15465,75.82082474226804
16711,75.04681818181818
15381,74.60625
12497,74.50714285714285
15372,74.34814814814814
14051,74.33519047619049
15063,74.16
15030,74.03999999999999
14403,73.7905
16998,73.75
13854,73.72290909090908
17958,72.63714285714285
14055,72.564
13739,72.3
17186,72.0
17747,71.4
13185,71.4
16672,71.35912280701754
14681,71.27857142857142
16525,71.1882513661202
13805,71.12307692307692
16353,71.0181914893617
12888,70.824
14285,70.74111111111112
16751,70.5888
18008,70.53966666666666
12995,70.44
18240,70.43
12500,69.80032786885245
13260,69.7025
14111,69.285
15903,69.28054054054054
12912,69.2625
14031,69.14744
12731,68.96317518248173
13750,68.63583333333334
14737,68.50294117647059
15691,68.4
16553,68.09309523809523
18273,68.0
18142,67.968
18173,67.9625806451613
14816,67.9625
14520,67.65
18144,67.18023255813954
13216,66.748
13316,66.66197674418605
17679,66.40366666666667
14185,65.88333333333334
16696,65.78999999999999
14053,65.0625
14739,65.038
16079,64.38095238095238
15333,64.285
13302,63.75
15773,63.568
14306,63.43393939393938
16180,63.29740740740741
16152,63.070344827586204
12814,62.96
17526,62.9421052631579
13811,62.65384615384615
16839,62.38477443609023
15661,61.959999999999994
12358,61.47684210526315
15045,61.30500000000001
13113,60.92517412935324
15782,60.80790697674418
14676,60.672380952380955
17330,60.65
15361,59.84571428571428
13391,59.8
15400,59.68333333333334
15057,59.58
17079,59.400000000000006
17739,59.39042553191489
17409,59.37307692307692
15247,59.333333333333336
12507,59.30954545454545
15947,58.90482758620689
13408,58.82225941422595
12424,58.69866666666667
14952,58.691956521739144
17163,58.620000000000005
18093,58.51444444444446
12736,58.5
16997,58.5
16027,58.41375000000001
15270,58.03634146341463
16586,57.99375
12348,57.97548387096774
13414,57.9375
16565,57.9
16256,57.87923076923077
13984,57.531875
16260,57.525000000000006
17018,57.50625000000001
13090,57.48916129032258
16652,57.40652542372881
15158,57.34285714285714
14522,57.32588235294117
12879,57.322
13188,57.300000000000004
16563,56.72315789473684
18058,56.72
17212,56.7125
17919,56.697391304347825
13325,56.275
14164,56.26793103448276
16380,56.230645161290326
13366,56.160000000000004
15739,56.14
14377,56.095454545454544
15374,56.0
14196,55.919999999999995
15980,55.78744186046512
18259,55.68095238095238
15330,54.99692307692308
13104,54.924
13169,54.83692307692308
15944,54.18333333333334
14113,54.13
12897,54.125
17677,53.94514851485149
17588,53.92173913043477
14364,53.87463768115943
16126,53.74162393162393
14882,53.60909090909092
18073,53.60861111111112
12504,53.5611111111111
13461,53.51851851851852
13434,53.424
13576,53.31222222222222
17193,53.103125
17621,53.073076923076925
18139,53.07132075471698
14853,52.86666666666666
17061,52.850808080808086
17230,52.73057971014492
17428,52.612347560975614
15187,52.49648351648351
14148,52.4
14001,52.38666666666667
16227,52.370000000000005
16582,52.27
15313,52.0
16705,51.981444444444456
15803,51.977500000000006
13321,51.57818181818182
15734,51.5173076923077
12653,51.39186046511629
16160,51.272000000000006
13538,51.23400000000001
17805,51.23100000000001
13946,51.05181818181818
14885,51.02133333333334
14351,51.0
14500,50.978571428571435
17394,50.96749999999999
14543,50.70042253521126
16344,50.550000000000004
13098,50.49377622377622
12516,50.46384615384615
17951,50.427
13645,50.42
17427,50.4
16430,50.14166666666667
17669,50.09882352941177
15777,49.862380952380946
18184,49.8
14459,49.67351351351351
12913,49.6726
13082,49.50178082191781
14557,49.27375000000001
13093,49.26081761006289
14301,49.24153846153846
16209,49.18739130434783
12864,49.04
15502,48.75553990610329
14292,48.719300000000004
15216,48.3
12536,48.282873563218374
14642,48.06
15513,47.91629870129871
12754,47.78952380952381
14937,47.70235294117648
12356,47.65135593220339
15332,47.45885714285714
14733,47.455
13853,47.39739130434783
12357,47.38679389312977
12394,47.12888888888889
14126,47.07533333333334
14163,47.036730769230765
17525,46.96666666666667
15380,46.95166666666667
13049,46.90571428571428
12709,46.891400966183575
17060,46.848
12432,46.845555555555556
14970,46.825294117647054
13767,46.79445652173912
15206,46.699999999999996
13329,46.411764705882355
14764,46.38333333333333
14567,46.374545454545455
12906,46.34619047619048
18061,46.07413043478262
17312,46.021428571428565
14015,45.867
17183,45.85356164383562
15488,45.660000000000004
16985,45.53433333333333
16462,45.333333333333336
15291,45.32330097087378
15257,45.30714285714286
16131,44.95564102564102
17402,44.641525423728815
17930,44.62769230769231
15569,44.37774193548386
18229,44.37134146341464
12884,44.15000000000001
12477,44.0658
15812,43.930243902439024
15654,43.93
16174,43.893478260869564
13762,43.81714285714286
17173,43.79767441860466
16120,43.638000000000005
15405,43.637499999999996
16917,43.50222222222222
16679,43.25
12471,43.112527233115486
18094,43.104285714285716
15181,43.0925
16133,43.03551622418879
17873,42.99906976744186
15815,42.86938775510204
14440,42.8669090909091
13810,42.828857142857146
13347,42.67
13495,42.60145833333334
12881,42.57142857142857
15093,42.565
16083,42.50387096774193
14000,42.37733333333333
14744,42.30692307692308
15703,42.3
13183,42.10404255319148
13572,41.946969696969695
14687,41.892
13390,41.85230769230769
13075,41.80045454545455
12464,41.79482758620689
14233,41.791999999999994
12817,41.51
15523,41.20100000000001
14973,41.076562499999994
15129,41.0404761904762
12910,41.00053333333333
14047,40.894062500000004
12747,40.737961165048546
16389,40.649117647058816
13397,40.635000000000005
12600,40.61
12619,40.45822222222221
17666,40.45333333333334
13918,40.428
15049,40.39000000000001
13967,40.35
15347,40.32000000000001
16681,40.235
14708,40.227500000000006
12386,40.19
18172,40.00888888888888
15593,39.96
14235,39.80835443037975
17025,39.75222222222222
13043,39.72461538461539
15101,39.69125
15160,39.53999999999999
14655,39.43326530612245
16996,39.3772972972973
13484,39.225
13893,39.099999999999994
13877,39.080000000000005
13220,39.01380952380953
13520,38.97150537634408
15290,38.93735294117647
14824,38.88655172413793
16902,38.79272727272728
17942,38.75000000000001
17026,38.707499999999996
14229,38.68
12429,38.6639175257732
16191,38.66059701492538
16168,38.648979591836735
17101,38.61261904761905
16954,38.61259259259259
17142,38.6
16258,38.54451851851852
14768,38.519999999999996
17123,38.36666666666666
16709,38.352784810126586
17053,38.34461538461539
18149,38.254999999999995
14409,38.137962962962966
13514,38.050000000000004
17995,38.05
14513,37.965833333333336
15606,37.92415584415585
14248,37.8225
15223,37.7875
15071,37.77192307692307
13435,37.72168316831684
18074,37.66153846153846
12764,37.64177777777778
16858,37.569
13323,37.51666666666667
17761,37.514736842105265
12457,37.511587301587305
13416,37.5
16701,37.488194444444446
16468,37.45
18167,37.42864864864865
17440,37.284000000000006
15505,37.22639175257733
17597,37.17036363636363
15526,37.11
12612,37.054736842105264
15611,37.010465116279065
13144,36.98333333333333
13824,36.93347826086956
14251,36.91923076923077
17033,36.79071428571428
16218,36.722380952380945
15874,36.71566666666667
12971,36.68822950819672
13079,36.68333333333334
14712,36.6828
17866,36.62777777777777
13756,36.54591549295775
16157,36.482777777777784
16500,36.441818181818185
14110,36.430448717948714
13878,36.33057142857143
17415,36.27428571428571
14905,36.24411764705882
15113,36.179690721649486
15759,36.14857142857143
12587,36.0
17080,35.9525
16432,35.925
17603,35.88363636363636
16784,35.86666666666667
16190,35.84666666666667
13410,35.82357142857143
15940,35.8
13976,35.798
14918,35.781111111111116
12769,35.7375
14537,35.556
17584,35.494285714285716
13297,35.421186440677964
14576,35.400000000000006
12355,35.338461538461544
13078,35.27357541899441
15204,35.175555555555555
15981,35.13896907216495
14416,35.01571428571429
13108,35.006
14135,35.00231343283583
12657,34.961276595744685
17197,34.93137931034483
13845,34.775555555555556
15935,34.73833333333334
14944,34.707352941176474
15218,34.680060240963854
12871,34.60363636363636
14618,34.589999999999996
17017,34.50103174603174
13552,34.31256880733945
16682,34.266666666666666
14005,34.222857142857144
16566,34.14777777777778
13035,34.14370370370371
18198,34.12301886792453
18135,34.0955
15671,34.065769230769234
13948,34.0
16765,34.0
16109,33.99333333333333
15219,33.97222222222222
13058,33.925
15133,33.87655172413793
13748,33.86607142857143
15197,33.737812500000004
16766,33.69411764705882
17076,33.6432
14946,33.63333333333333
14332,33.6084
15922,33.59090909090909
13327,33.59046296296297
14441,33.58607843137255
12976,33.57272727272727
14226,33.55742424242424
17934,33.535714285714285
14473,33.47714285714286
16405,33.45
16584,33.431428571428576
12445,33.35
14782,33.35
13723,33.30833333333334
15969,33.305
14295,33.24
12483,33.133066666666664
16303,33.090308641975305
12781,33.069599999999994
12712,33.053609022556394
16325,33.013333333333335
15722,33.00313432835821
14789,32.940000000000005
15360,32.917692307692306
13751,32.91666666666666
13786,32.91428571428571
12842,32.9114705882353
13851,32.73407407407407
14236,32.724000000000004
13743,32.72195121951219
17382,32.7
18230,32.67674418604651
17491,32.65018348623853
13223,32.64
15813,32.597750000000005
12670,32.56576086956522
12406,32.526666666666664
15612,32.525
16689,32.5076923076923
16523,32.47748275862069
13038,32.445
13153,32.41466666666667
13089,32.39364939360528
17090,32.37131147540984
12691,32.36875
16102,32.31824561403509
13277,32.3
14855,32.282500000000006
17464,32.21777777777778
12656,32.152142857142856
14912,32.14259259259259
13489,32.10857142857143
18218,32.096
14006,32.073
16779,32.059577039274934
16048,32.055
13318,32.038
13130,32.0
16812,31.95666666666666
14644,31.952307692307688
17024,31.95
16226,31.890000000000004
12433,31.84730952380952
14342,31.836190476190477
15478,31.816363636363636
12436,31.813125000000003
18066,31.8
13819,31.676388888888887
12405,31.67388888888889
17560,31.664814814814818
13396,31.65093023255814
14188,31.605538461538462
13516,31.5775
14466,31.561111111111106
13062,31.543636363636367
13014,31.511636363636363
12990,31.5
15364,31.489310344827587
16546,31.486000000000004
14298,31.476664630421478
14533,31.447096774193547
17658,31.337894736842102
13207,31.282500000000002
14735,31.26644329896907
14079,31.258333333333336
12414,31.244999999999997
17492,31.21416666666667
12625,31.207209302325584
14029,31.177333333333333
14875,31.17702127659574
14216,31.17457627118644
12524,31.150833333333328
16321,31.1375
12924,31.123333333333335
13672,31.064999999999998
14924,31.005000000000003
13249,30.930869565217396
13989,30.88
15985,30.876216216216218
14908,30.866666666666667
16539,30.86244444444445
17244,30.803225806451614
12795,30.74857142857143
13255,30.73153846153846
14931,30.67512195121951
13120,30.599999999999998
13282,30.59837837837838
14601,30.565714285714286
13831,30.534027777777776
12647,30.514918032786884
17004,30.51488372093023
13103,30.4925
17002,30.484285714285715
17707,30.48
15027,30.461428571428574
14060,30.398118811881183
16617,30.369999999999997
13555,30.36207407407407
17340,30.352063882063884
15144,30.32460829493087
18165,30.246000000000002
14560,30.24013513513513
16365,30.2043137254902
15304,30.19130434782609
15485,30.17058823529411
14421,30.115185185185183
14220,30.114285714285714
16506,30.099999999999998
17770,30.086052631578948
17862,30.08181818181818
17985,30.064285714285717
15116,30.06111111111111
14397,30.034022988505747
13874,30.024999999999995
14117,30.0
15657,30.0
17040,29.981999999999996
12371,29.96761904761905
16253,29.95008130081301
16098,29.934776119402986
12646,29.932666666666673
14012,29.89090909090909
13139,29.79376470588235
16103,29.784166666666668
14691,29.779295774647885
12510,29.774848484848487
17879,29.75333333333333
13934,29.74516129032258
18191,29.685714285714283
17671,29.67377358490566
16570,29.669841269841267
12438,29.66173469387755
15561,29.65148148148148
17829,29.64133333333334
12676,29.586444444444442
14407,29.55794520547946
17205,29.544615384615387
12352,29.482823529411764
12583,29.479271255060738
17188,29.455119047619053
14804,29.439166666666665
15140,29.428125000000005
15678,29.39166666666667
18079,29.375203252032524
17955,29.331578947368417
12621,29.314068522483947
12476,29.255021459227468
14257,29.242641509433966
17046,29.182727272727277
17206,29.177142857142858
15095,29.161702127659577
12365,29.153636363636362
13001,29.03848664688427
17655,28.999340659340653
15636,28.990400000000005
16861,28.960000000000004
15321,28.929578947368416
17675,28.89968794326242
17672,28.892454545454545
16551,28.816250000000004
13450,28.784788732394365
12758,28.779278350515465
16086,28.75358974358974
14021,28.722727272727273
17578,28.691999999999997
13993,28.647603305785122
15766,28.641818181818177
12727,28.638129496402875
13227,28.633333333333333
15075,28.63074074074074
13253,28.622222222222224
18242,28.621666666666663
13630,28.61661971830986
12916,28.591747572815535
15970,28.55454545454546
17704,28.554516129032258
14894,28.51086956521739
12688,28.501812865497072
13299,28.5
15110,28.46
17865,28.44951351351351
14457,28.41
17242,28.376000000000005
14496,28.35842105263158
16450,28.35636363636364
12594,28.290000000000006
15410,28.28557377049181
12444,28.27943502824859
15245,28.267865168539327
15689,28.233333333333334
18188,28.183661971830986
13692,28.081509433962268
16950,28.06095238095238
15785,28.059879518072293
16621,28.05103448275862
13456,28.043174603174606
12540,28.03397489539749
12756,28.02
14628,27.998333333333335
16509,27.976923076923075
13722,27.945999999999998
17334,27.91090909090909
15659,27.85909090909091
17512,27.85704761904762
13695,27.823666666666668
15738,27.817456647398846
12388,27.8066
13889,27.793333333333333
16181,27.776363636363637
13856,27.75
14299,27.73160839160839
14638,27.725
13814,27.7038596491228
16825,27.685000000000002
14333,27.68
14431,27.66823529411765
18095,27.62142857142857
15602,27.614255319148935
12734,27.599999999999998
13499,27.59785714285714
13431,27.58913043478261
16618,27.579062499999996
14267,27.567999999999994
13081,27.565544747081702
16240,27.546666666666667
17490,27.53052631578947
12762,27.51478260869565
12408,27.51
17706,27.498664921465974
12763,27.44888888888889
17204,27.44842105263158
17653,27.44454545454546
15909,27.419999999999998
12455,27.409555555555563
17468,27.4
12431,27.31893617021277
13384,27.315328947368425
13758,27.269658119658118
12968,27.189999999999998
15042,27.186
12669,27.16861386138614
17828,27.1655223880597
14460,27.146250000000002
17496,27.105
15228,27.09368
12428,27.062789115646254
17980,27.048333333333336
17339,27.040000000000003
17083,27.034230769230767
15814,27.018472222222222
14661,26.9875
16843,26.97505291005292
14016,26.96403726708074
12375,26.91176470588235
15681,26.908679245283015
13245,26.90625
15845,26.896884057971018
17423,26.861923076923077
14727,26.857999999999997
15822,26.83242424242424
14004,26.799064327485382
16427,26.784444444444446
16232,26.78054054054054
12559,26.74809523809524
12779,26.720536912751676
16096,26.718333333333334
16198,26.71206666666667
16424,26.712
12919,26.703799999999998
18062,26.685925925925925
12410,26.666538461538458
14288,26.6625
12739,26.658947368421053
15825,26.647
15648,26.64583333333334
12427,26.638709677419353
12829,26.636363636363637
16763,26.602173913043476
12704,26.600454545454546
15567,26.572857142857142
16003,26.556990291262135
16359,26.52909090909091
16213,26.5
12783,26.498928571428575
13933,26.469130434782606
16119,26.46
12955,26.428666666666665
13107,26.407241379310346
15385,26.406666666666666
13759,26.376400000000004
17556,26.316666666666666
15193,26.28
15159,26.254943661971833
17567,26.251393939393942
18287,26.246857142857145
15288,26.210454545454546
12380,26.200096153846157
17858,26.09472081218274
12876,26.094352941176474
16249,26.087971014492755
15640,26.084264705882354
15841,26.043829787234046
12373,26.042857142857144
16957,26.040000000000003
15498,26.008593750000006
14682,26.0
18228,25.99666666666667
12547,25.975
14327,25.970833333333335
17107,25.95548076923077
16105,25.919999999999998
16623,25.890000000000004
14154,25.87730769230769
13639,25.833499999999997
12481,25.8325
17724,25.825
16070,25.822727272727274
14785,25.8
18170,25.797631578947364
13501,25.775384615384617
14114,25.768666666666665
13132,25.766666666666666
12359,25.755224489795914
16184,25.750888888888895
18270,25.740909090909096
15856,25.706433121019096
13726,25.70619047619047
15394,25.68870588235294
14834,25.67611940298507
13308,25.657592592592597
13806,25.637999999999998
13338,25.632631578947368
18030,25.62777777777778
15311,25.62669061707522
17416,25.62609665427509
14915,25.623333333333335
16557,25.62272727272727
18147,25.619999999999997
17453,25.616842105263153
16341,25.6087012987013
16912,25.555799999999998
13718,25.545833333333334
16873,25.532688172043013
12451,25.524067796610172
17536,25.5
17102,25.5
17239,25.5
18268,25.5
14975,25.44909090909091
12456,25.44832
13705,25.423571428571424
13070,25.422222222222224
15127,25.408125
16072,25.40521739130435
13492,25.3968
15370,25.383510638297874
14039,25.366666666666664
14962,25.340000000000003
14911,25.336948166431633
12502,25.332448979591835
14150,25.332307692307698
15046,25.32547263681592
16146,25.314827586206896
15806,25.309032258064516
13072,25.307142857142853
13458,25.25280104712042
14442,25.235238095238095
17140,25.228888888888893
16767,25.228778280542983
12509,25.214285714285715
13524,25.191851851851855
12530,25.186060606060607
17311,25.179090909090906
14870,25.173076923076923
13522,25.160000000000004
16639,25.150199999999998
14371,25.124999999999996
14501,25.121
18097,25.116981132075473
17581,25.114441913439638
14709,25.107346938775507
12853,25.09102564102564
17978,25.076666666666664
17462,25.025555555555556
15581,25.005238095238084
13403,25.0
15298,24.999479166666664
16513,24.988285714285716
12372,24.962307692307693
12458,24.931578947368422
16159,24.87142857142857
13061,24.861
17034,24.85066666666667
17685,24.84905511811024
16739,24.846153846153847
14897,24.84327272727273
13003,24.84166666666667
16569,24.84
17534,24.817777777777778
17549,24.810000000000002
12437,24.757050000000003
16943,24.74939393939394
17082,24.738888888888894
16178,24.7375
12450,24.735
16567,24.731428571428573
12393,24.728125
16216,24.72783783783784
13305,24.701975308641977
15557,24.679473684210524
16626,24.654189944134075
17702,24.653648648648648
13986,24.650769230769235
16135,24.645238095238092
12683,24.64119186046512
16278,24.625217391304346
18048,24.612857142857145
17502,24.610714285714288
13922,24.607142857142858
15615,24.58567375886525
15194,24.56945161290323
14315,24.565643564356435
14631,24.56048780487805
12928,24.555952380952384
12558,24.54181818181818
17157,24.53846153846154
14844,24.537000000000003
14408,24.519150943396227
12578,24.513245614035085
13350,24.478
13658,24.43675925925925
14565,24.40251968503937
16171,24.400000000000002
14821,24.400000000000002
16233,24.39454545454545
13131,24.393181818181816
13026,24.384
12984,24.375
12584,24.355729166666663
16761,24.355384615384615
14738,24.341666666666665
15287,24.3345
13983,24.331121495327107
15826,24.328088235294118
13165,24.32095238095238
16708,24.31962962962963
12645,24.31753424657534
12690,24.313125000000003
12592,24.311111111111114
17730,24.304954128440365
13669,24.283333333333328
14863,24.25090909090909
15603,24.240000000000002
15514,24.239277108433736
17905,24.21181818181818
16634,24.211111111111112
16164,24.19058823529412
17524,24.166666666666668
16156,24.156562500000003
16214,24.15340909090909
16493,24.13625
15955,24.132568306010924
12840,24.13070796460177
15942,24.102857142857143
13870,24.095130434782604
18269,24.085714285714285
12349,24.076027397260276
13973,24.063636363636363
17203,24.054594594594587
12857,24.052173913043475
14282,24.035324675324674
17436,24.03333333333333
12363,24.0
14259,24.0
18276,23.990000000000002
12515,23.981250000000003
15625,23.9728125
13823,23.9415
12909,23.941428571428574
16542,23.924
17720,23.9188
12831,23.894444444444446
13657,23.88375
14841,23.882318840579714
15705,23.850000000000005
18223,23.840220588235294
14209,23.832528735632188
14847,23.799999999999997
18085,23.79137931034483
16211,23.783478260869565
12674,23.742168674698792
14741,23.734576271186445
15179,23.730645161290326
13952,23.73044525547445
12347,23.681318681318686
17742,23.674
16019,23.664
12668,23.646894409937886
12461,23.625142857142862
12488,23.612000000000002
17001,23.606923076923074
17504,23.59866141732283
16387,23.59
18042,23.578571428571426
16838,23.554000000000002
13754,23.55
16833,23.543191489361707
17615,23.542857142857144
12473,23.521257485029942
15260,23.516493506493507
12694,23.504594594594593
16257,23.475
14673,23.464864864864865
12585,23.44942528735632
13892,23.44333333333333
12682,23.434770992366413
16187,23.428610169491524
17190,23.40736842105263
13351,23.37125
12697,23.355853658536585
14859,23.34034482758621
18222,23.31578947368421
12430,23.309090909090912
17849,23.299999999999997
14761,23.263636363636362
17838,23.254700854700857
13265,23.251777777777775
12582,23.243636363636366
17718,23.224999999999998
17574,23.20625
13426,23.193121019108283
14389,23.188000000000002
12679,23.187916666666666
17668,23.183333333333334
12787,23.183
15667,23.178461538461537
17540,23.156
16457,23.151111111111113
14488,23.136521739130433
15350,23.130000000000003
15458,23.09142857142857
17716,23.085673469387753
16752,23.055555555555557
13523,23.051627906976748
18159,23.05
12921,23.037625
15768,23.030740740740743
18215,23.02615384615385
13311,23.021923076923073
13455,23.00739130434783
15224,23.005714285714284
13808,22.995526315789473
14484,22.994285714285716
14400,22.988000000000003
14326,22.98125
12789,22.9625
14352,22.95659574468085
17824,22.95384615384615
13404,22.953636363636363
13551,22.950000000000003
14059,22.95
13160,22.949999999999996
13059,22.925000000000004
14290,22.917326732673267
17175,22.915714285714284
12598,22.902121212121216
12596,22.898888888888887
16836,22.89727272727273
16948,22.895789473684214
13417,22.88678571428571
13712,22.884
13815,22.882727272727273
14626,22.87926229508197
14141,22.87825
15050,22.86434210526316
17438,22.849999999999998
13441,22.818461538461538
15758,22.805555555555557
18171,22.802037037037035
13319,22.78476890756303
13590,22.780689655172413
15105,22.76168316831683
14348,22.753888888888888
15664,22.73117647058823
12793,22.728333333333335
15445,22.7
15489,22.6856
14788,22.648
15149,22.643478260869564
16124,22.636363636363637
12782,22.630291262135923
12815,22.6268085106383
13238,22.6041935483871
12672,22.59
16183,22.58066666666667
14961,22.579102564102566
13710,22.560000000000002
14304,22.55588235294118
15424,22.54941176470588
12766,22.5471935483871
12626,22.51863945578231
18169,22.516666666666666
12374,22.513030303030305
12562,22.51035714285714
17519,22.488048780487805
15938,22.47666666666667
17973,22.46933333333333
15882,22.450434782608703
14340,22.45
15469,22.439583333333335
17384,22.426666666666666
15978,22.42408163265306
14643,22.380967741935486
15865,22.37825
14261,22.37403846153846
14895,22.366887550200804
14936,22.35445054945055
16552,22.337058823529414
12713,22.330263157894734
12489,22.328666666666667
17139,22.32865828092244
12616,22.290625
12785,22.282142857142855
15147,22.267857142857142
13509,22.266363636363636
14401,22.260879120879125
16125,22.257692307692306
12353,22.25
15709,22.208333333333332
17554,22.186931818181822
12407,22.183376623376624
12640,22.16188679245283
16298,22.15555555555556
15078,22.143431818181806
13771,22.138235294117646
14757,22.13157894736842
16177,22.13
12490,22.114
14339,22.10857142857143
12639,22.095454545454547
17243,22.06731266149871
14475,22.04404761904762
13699,22.041428571428572
17505,22.03538461538462
16401,22.033978494623653
13369,22.02
13531,21.990909090909096
14107,21.97747967479675
13895,21.975169491525424
16748,21.969565217391306
13013,21.967762557077627
14057,21.949328621908123
12693,21.946410256410257
13562,21.943048780487807
12569,21.93984042553192
16037,21.923589743589748
17135,21.917884615384615
14075,21.913023255813954
14795,21.908333333333335
12552,21.891000000000002
15240,21.879102564102567
16363,21.872000000000003
17695,21.866857142857146
12532,21.864375
12613,21.85869281045752
16248,21.848571428571432
12615,21.82085714285714
16497,21.806544117647064
16239,21.8
14066,21.792857142857144
14636,21.78035714285715
17444,21.77807407407408
12564,21.757142857142856
17990,21.753103448275862
15423,21.75
12684,21.748857142857144
17351,21.746296296296297
14854,21.74626984126984
14934,21.73494252873563
16080,21.716
15932,21.703217391304346
14776,21.694871794871798
15344,21.69
12384,21.676666666666666
15108,21.670833333333334
15186,21.65315789473684
13344,21.652499999999996
15565,21.645000000000003
14035,21.636666666666667
14133,21.63
14175,21.626174496644293
14129,21.61269230769231
14693,21.6125
12681,21.61056426332289
16236,21.610000000000003
13178,21.605547169811317
14503,21.605243902439025
18226,21.60351239669421
16650,21.60083333333333
12425,21.58888888888889
17506,21.585714285714285
17094,21.571428571428573
16732,21.5625
12695,21.559259259259257
12642,21.558723404255318
14019,21.539545454545454
13330,21.526981132075473
12757,21.523763736263742
17048,21.519767441860466
15854,21.515362318840584
12866,21.504615384615384
15791,21.502533333333336
16229,21.50212765957447
13368,21.49655172413793
16342,21.493999999999996
12588,21.49
15182,21.477586206896554
17115,21.474358974358974
15717,21.47142857142857
14480,21.465384615384615
17460,21.463103448275863
15674,21.461403508771927
16169,21.44670588235294
15238,21.4398
16949,21.437833333333337
13267,21.428862559241708
15576,21.427209302325583
12633,21.42554455445545
17146,21.422285714285714
15236,21.403333333333332
14932,21.384117647058826
14427,21.372941176470587
13162,21.370759493670885
14241,21.37
17086,21.355
13476,21.352931034482758
17863,21.35135135135135
16591,21.35
12370,21.33698795180723
13931,21.336724137931036
15658,21.33541666666667
15462,21.327272727272728
15277,21.325
14755,21.320340425531914
15168,21.312
12480,21.309285714285714
12379,21.306
12449,21.294712041884818
17096,21.294375
13564,21.29222222222222
18192,21.28822222222222
13950,21.28742857142857
15067,21.27756097560976
15066,21.275952380952383
17469,21.261022727272728
14239,21.25758928571429
16801,21.2564
13488,21.251919431279624
14356,21.249393939393936
17768,21.243877551020407
14907,21.218787878787882
14481,21.217000000000002
15857,21.214285714285715
12381,21.21045977011494
13405,21.201888888888888
16302,21.20181818181818
14240,21.19857142857143
17531,21.192857142857147
14515,21.19275510204082
14317,21.190833333333334
17172,21.184
13753,21.178857142857144
17147,21.167777777777776
13381,21.158779069767444
14383,21.14728813559322
12377,21.144415584415583
16270,21.134074074074075
13102,21.131874999999997
13647,21.12974358974359
16128,21.126067415730336
16265,21.112403100775193
13355,21.084375
16999,21.07913043478261
12567,21.07910313901345
17722,21.078608695652175
15885,21.075000000000003
18121,21.074193548387097
12535,21.06911764705882
16909,21.063333333333333
14297,21.053709677419352
12849,21.047708333333333
13375,21.044594594594592
12726,21.041129032258063
16722,21.02582222222222
15227,21.024137931034485
12528,21.01608695652174
15732,21.00857142857143
14997,21.007692307692306
12775,21.000606060606057
12665,21.0
13453,20.998823529411766
15215,20.998285714285714
14138,20.99739130434783
17682,20.968898305084746
14861,20.965000000000003
17663,20.96406976744186
13373,20.963607594936708
13599,20.93463414634146
14819,20.928461538461537
13894,20.911851851851853
14758,20.90225352112676
14778,20.88171428571429
15327,20.875
17279,20.87
15301,20.867561983471074
16596,20.845833333333335
13425,20.82320512820513
13866,20.810000000000002
16979,20.808988764044944
14032,20.808321678321672
16398,20.80243902439024
17986,20.8
16953,20.8
13242,20.799999999999997
12997,20.794745762711862
14947,20.772857142857138
15937,20.764285714285712
17650,20.76
16207,20.756842105263157
15416,20.75166666666667
17854,20.750666666666667
15123,20.748207547169812
16955,20.746799999999997
15669,20.737575757575755
16654,20.733448275862067
16143,20.725982905982907
16140,20.719428571428566
15208,20.717142857142854
13769,20.71488888888889
12420,20.70310344827586
13236,20.690277777777776
16141,20.68
13422,20.67952755905512
12631,20.661290322580644
17548,20.66
14542,20.65
18136,20.640263157894736
12360,20.636124031007753
16810,20.636000000000003
14495,20.633333333333336
12822,20.62782608695652
16613,20.619666666666667
12601,20.60928571428571
12422,20.60410256410257
15396,20.584285714285716
12705,20.563742514970055
12749,20.557185929648238
18202,20.54397058823529
13136,20.53236220472441
16871,20.528029197080293
15796,20.519772727272727
13529,20.517333333333333
17419,20.517330097087378
17144,20.511875
14868,20.51104166666666
13513,20.509999999999998
12402,20.509090909090908
13266,20.504064171122995
13060,20.502
16139,20.497096774193547
16153,20.496966292134832
14024,20.48125
15192,20.47686274509804
18225,20.46453531598513
15087,20.46266666666667
13899,20.44842105263158
14849,20.439536082474227
13505,20.43548837209303
14538,20.43421052631579
12448,20.42954545454546
17656,20.423048780487804
13816,20.416785714285716
17674,20.408888888888892
17176,20.408666666666665
13437,20.40754491017964
12539,20.396886446886448
14665,20.396666666666665
17187,20.395
13006,20.3925
15065,20.37503225806452
15363,20.375
17620,20.36
15212,20.359999999999996
14929,20.352727272727275
15088,20.3521052631579
13926,20.35
14386,20.342857142857145
16688,20.336451612903225
13577,20.332530120481927
12560,20.32390476190476
14193,20.318809523809527
15930,20.315714285714286
13579,20.30608695652174
15365,20.301052631578948
16202,20.292777777777776
16217,20.283333333333335
14886,20.266666666666666
15306,20.24741379310345
16642,20.245
14528,20.234444444444446
18161,20.233625
13194,20.233333333333334
15712,20.233207547169815
16745,20.227323943661972
18006,20.212727272727275
16040,20.20846153846154
18081,20.202941176470592
14201,20.20108108108108
15651,20.196875
13418,20.1560197368421
12944,20.150333333333332
17324,20.132244897959183
15491,20.130454545454548
12945,20.128260869565217
13473,20.125714285714285
15480,20.122222222222224
15643,20.12121212121212
13295,20.119999999999997
16814,20.115047021943575
13985,20.11433048433048
12649,20.113225806451613
12412,20.112786885245903
14309,20.107094017094013
16848,20.101428571428567
15103,20.095999999999997
12475,20.09388888888889
14523,20.090833333333336
13427,20.089655172413792
14640,20.070285714285717
17686,20.068041958041952
16842,20.066507936507932
13479,20.063333333333333
18217,20.056451612903224
14491,20.05470588235294
15622,20.05167567567568
14217,20.0498
13247,20.0448
13157,20.01402298850575
14211,20.009821428571428
12545,20.0078
14426,20.007455357142856
17527,19.986595744680848
17227,19.985531914893617
13420,19.98125
16379,19.975925925925928
13021,19.97236641221374
13224,19.9625
17420,19.961
14146,19.957142857142863
12514,19.95450980392157
12987,19.95357142857143
12413,19.95
13186,19.947974683544306
15096,19.944545454545455
13313,19.94000000000001
14494,19.937142857142856
18241,19.93355769230769
15122,19.924146341463416
18179,19.92411111111111
13211,19.916727272727275
15677,19.916060606060608
12593,19.90952380952381
16747,19.906190476190474
16609,19.903840579710142
14645,19.903000000000002
16034,19.895454545454545
18263,19.887868852459018
16620,19.88444444444444
15266,19.883333333333336
17696,19.875739130434784
15414,19.86923076923077
17594,19.8636
14493,19.860333333333333
12574,19.85909090909091
18104,19.858947368421052
12630,19.8575
13778,19.855555555555554
14856,19.854307692307692
16043,19.845897435897434
13930,19.843529411764706
15724,19.84090909090909
14852,19.83699300699301
13682,19.833333333333332
13534,19.831351351351337
18257,19.81042372881356
13813,19.809565217391306
12610,19.80698113207547
17877,19.80083333333333
14155,19.791666666666668
15355,19.78928571428571
14180,19.785500000000006
17523,19.78
17733,19.776857142857143
15630,19.7725
17646,19.77235294117648
15367,19.764105263157898
18260,19.762030075187972
17122,19.759999999999998
13005,19.75769230769231
15673,19.755289855072466
17648,19.752747252747255
13485,19.749565217391304
15232,19.743870967741934
12816,19.731034482758623
14867,19.73
14619,19.722
15382,19.720894039735104
17483,19.716190476190473
12493,19.715454545454545
13276,19.69766666666667
17719,19.693576642335763
12732,19.688333333333336
17406,19.67945945945946
15312,19.677659574468084
15345,19.677
15632,19.672514970059876
12350,19.67058823529412
12418,19.664117647058823
13741,19.65970588235294
14246,19.654133333333334
13858,19.651818181818182
12362,19.64748120300752
14264,19.645294117647058
15117,19.64278481012658
17709,19.635714285714283
17947,19.63111111111111
17091,19.62953846153846
14287,19.625555555555554
16179,19.62090909090909
16456,19.61981818181818
12544,19.61578947368421
15704,19.603589743589744
14194,19.60193436960277
14700,19.599107142857147
14406,19.59375
16189,19.58909090909091
16350,19.587192982456145
12809,19.5724
12452,19.571363636363635
18210,19.562537313432838
16659,19.56
15974,19.557670454545452
14857,19.552
12963,19.543473684210532
12797,19.54076923076923
16811,19.538214285714282
14950,19.53684210526316
16338,19.527272727272727
13880,19.513757575757577
13149,19.48906976744186
16846,19.483636363636364
14842,19.480620689655172
15468,19.479583333333334
13345,19.475
13675,19.472800000000003
12627,19.471869565217393
16478,19.470588235294116
16614,19.468846153846155
16607,19.46343023255814
16316,19.46298013245033
12519,19.461176470588235
12724,19.460566037735845
13990,19.45625
14756,19.446315789473683
14205,19.445833333333333
16317,19.444202898550724
16475,19.439285714285713
14621,19.438695652173912
12426,19.424333333333333
13908,19.42254098360656
16717,19.409494949494952
17970,19.40655172413793
12953,19.40294117647059
13711,19.38923076923077
14289,19.388510638297873
12472,19.386755162241883
12949,19.38241860465116
16357,19.378823529411765
15683,19.375
14368,19.375
16735,19.374224137931034
12527,19.37277777777778
17738,19.371649484536086
17630,19.36923076923077
17698,19.36875
15198,19.363999999999997
16526,19.357333333333333
16947,19.356190476190477
13370,19.355641025641024
13536,19.35050561797753
12395,19.350192307692307
13388,19.345714285714287
13052,19.341666666666665
16863,19.338461538461537
14511,19.335441176470592
14784,19.332666666666668
12553,19.331308900523556
15665,19.323565217391305
15073,19.322407407407407
18278,19.322222222222223
15393,19.32166666666667
14273,19.309310344827587
15226,19.30125
17314,19.297099236641223
16956,19.29625
14329,19.28387596899225
15706,19.28290909090909
17749,19.272
16404,19.26304347826087
13591,19.260862068965515
16641,19.258333333333333
12398,19.243058823529413
13901,19.242953020134227
13376,19.240754716981133
16351,19.2375
16123,19.236250000000002
16499,19.23421052631579
16423,19.22888888888889
16837,19.218060606060604
14803,19.217045454545453
13932,19.2125
14422,19.20558558558559
14116,19.204722222222227
15484,19.200053475935828
12468,19.198421052631577
15949,19.19578947368421
12462,19.186935483870965
13960,19.185
15142,19.182307692307692
12628,19.181951219512197
16419,19.1742
13804,19.173259259259257
16136,19.172432432432437
13680,19.17072164948453
12652,19.166249999999994
16762,19.162539682539684
16535,19.153225806451612
14227,19.148342857142854
18056,19.13947368421053
13690,19.13888888888889
16820,19.138846153846156
13447,19.137966101694918
14373,19.137500000000003
13650,19.128541666666667
12397,19.126190476190473
13115,19.12316666666667
12794,19.12022222222222
13092,19.113200000000003
13359,19.11130434782609
15249,19.109885714285717
15379,19.089123711340207
16510,19.084615384615383
13015,19.083657142857138
15520,19.083333333333332
15835,19.0818
18138,19.08125
16678,19.07969325153374
16451,19.069285714285716
14102,19.066896551724138
17412,19.061515151515152
16293,19.059237288135595
13871,19.057291666666664
12658,19.056944444444447
15079,19.055531914893617
15412,19.053
14092,19.050981308411213
17245,19.049999999999997
16592,19.044814814814817
13725,19.043846153846154
12548,19.04
17058,19.030483870967743
15119,19.028571428571432
14582,19.018333333333334
15134,19.013561643835615
18154,19.00904761904762
17647,19.00857142857143
12417,19.005729166666665
17735,19.000028985507246
17411,18.998536585365855
12361,18.99
17552,18.987959183673468
13963,18.986857142857144
17659,18.98392405063291
13914,18.983333333333334
17430,18.982857142857142
17410,18.980000000000004
14338,18.97483870967742
16633,18.96776315789474
17235,18.96758620689655
18190,18.964
15255,18.954255319148935
13826,18.95
14569,18.949166666666667
17069,18.948951048951052
17282,18.937752808988762
15434,18.936
15296,18.932268041237112
17633,18.926285714285715
15136,18.92205882352941
17926,18.918571428571433
12478,18.91638888888889
13200,18.915
13085,18.912727272727274
17158,18.91
17572,18.895833333333332
13468,18.89062913907285
18055,18.88642458100559
16866,18.885454545454543
14474,18.8848275862069
17694,18.874666666666666
14184,18.870416666666667
12541,18.868846153846153
14277,18.86486486486487
16235,18.854565217391304
12660,18.853846153846156
17272,18.847631578947368
15492,18.841714285714286
14023,18.840967741935486
13883,18.8343661971831
15807,18.83125
13709,18.828805970149254
12722,18.82320754716981
13047,18.822906976744186
15132,18.806346153846153
16759,18.804523809523808
17775,18.8
18040,18.8
16690,18.798333333333332
17652,18.794285714285717
15107,18.794117647058822
12667,18.791818181818183
12399,18.790677966101697
12609,18.78083333333333
15713,18.773684210526316
14753,18.77166666666667
14448,18.767500000000002
16099,18.76666666666667
13999,18.75870192307692
17690,18.757142857142856
16491,18.756410256410255
18227,18.75
12717,18.74509090909091
15610,18.743333333333332
16394,18.73903614457831
17226,18.73761904761905
17063,18.732564102564105
15808,18.724461538461536
13721,18.719285714285714
13012,18.71409090909091
16875,18.710089285714282
17754,18.703932584269666
16057,18.703471074380165
16628,18.701282051282053
17670,18.700000000000003
17900,18.7
16162,18.7
12383,18.69252525252525
13258,18.689722222222223
14210,18.684705882352944
15230,18.678260869565218
13292,18.67548387096774
17991,18.67
13496,18.66657142857143
15111,18.660476190476192
16817,18.659883720930235
15609,18.655
13602,18.647391304347824
15695,18.635454545454547
17678,18.631875
14551,18.622999999999998
13362,18.618915662650608
17466,18.61658536585366
12981,18.611
12354,18.610344827586204
14176,18.609677419354842
14930,18.605984251968504
13720,18.602325581395352
13343,18.60157894736842
14284,18.6015625
16358,18.600917431192663
16455,18.597777777777775
13300,18.5945
12641,18.59
17426,18.58767527675277
15244,18.57558823529412
18024,18.56095238095238
14873,18.56
13643,18.551428571428573
18272,18.54566265060241
12526,18.54450704225352
16320,18.543928571428573
15143,18.532142857142855
18216,18.528846153846153
14312,18.52402298850575
15628,18.51767741935484
15303,18.51677419354839
14231,18.514200000000002
13971,18.511812080536913
17731,18.509104477611938
17593,18.50877358490566
14825,18.50841666666667
12566,18.507894736842108
16097,18.505000000000003
12597,18.50106796116505
16020,18.500217391304346
15786,18.492481203007518
12589,18.47657142857143
13341,18.472619047619045
14888,18.46
17644,18.443566878980892
17084,18.44288590604027
13272,18.437333333333335
12700,18.432798507462678
15398,18.43191780821918
14597,18.430638297872335
17495,18.428148148148146
15329,18.41578947368421
16756,18.415384615384614
13477,18.412405063291143
13887,18.397368421052636
18075,18.392605633802816
12750,18.392
14732,18.384285714285713
17131,18.38186567164179
16186,18.38045871559633
17746,18.375
16680,18.37
18177,18.368082191780825
15265,18.36731707317073
14243,18.36007092198582
12611,18.35876923076923
14517,18.358333333333334
14238,18.35625
13037,18.355625
15805,18.355117056856184
13209,18.353925233644862
13317,18.336129032258068
12659,18.336000000000002
15258,18.32823529411765
12447,18.32653846153846
12852,18.326470588235296
13882,18.32507692307692
14766,18.321259259259257
13497,18.318421052631578
14262,18.309300699300696
16781,18.308823529411764
17350,18.30457142857143
12378,18.30420091324201
13897,18.303529411764707
15373,18.302348484848483
13134,18.301836734693875
13356,18.291428571428572
12707,18.28545454545455
14256,18.284150943396224
15392,18.280119047619046
15596,18.267402597402597
14851,18.2625
12702,18.250000000000004
12685,18.236178343949046
14747,18.233333333333334
15608,18.228
17520,18.226999999999997
15764,18.222055555555556
13448,18.22005154639175
14112,18.2196875
16602,18.20965517241379
13262,18.208181818181817
13980,18.19454545454545
12878,18.191276595744682
12828,18.19125
16366,18.183333333333337
12728,18.18108695652174
12714,18.18092664092664
14354,18.18
15417,18.17142857142857
14345,18.16333333333333
13615,18.160434782608696
18219,18.155877192982455
17850,18.152222222222214
18109,18.151746031746033
16038,18.145384615384618
12735,18.129534883720932
16558,18.12715217391304
18071,18.12
13947,18.119999999999997
13466,18.11176470588235
14360,18.10282051282051
13885,18.1
12974,18.099999999999998
14191,18.087876447876447
16835,18.085
13844,18.081
16882,18.08
13589,18.07857142857143
15165,18.064814814814813
16106,18.063333333333333
18280,18.060000000000002
17011,18.06
14544,18.05675675675676
16643,18.055925925925926
16414,18.035714285714285
17712,18.031379310344825
15687,18.030722891566263
16062,18.025312500000002
16116,18.022941176470592
15463,18.02
16988,18.017142857142854
16122,18.011052631578945
18236,18.004897959183673
13549,18.00392156862745
16053,17.999404761904763
16612,17.994848484848486
15950,17.986701030927836
14198,17.98461538461538
13046,17.980285714285717
13421,17.977549019607842
15076,17.976530612244897
13644,17.974383561643837
17134,17.96521739130435
13500,17.950307692307693
14890,17.95
14336,17.943444444444445
15074,17.943170731707315
14720,17.94081081081081
12421,17.934222222222225
15421,17.931320754716985
14132,17.930149999999998
16829,17.92909090909091
15201,17.92086956521739
17725,17.911875
13248,17.910769230769233
14412,17.90767441860465
12586,17.903636363636362
18185,17.897058823529413
15262,17.895000000000003
17095,17.894054054054056
16175,17.88948275862069
16676,17.888988764044942
14237,17.88888888888889
15605,17.88402985074627
16638,17.88
17700,17.84957746478873
15099,17.84695652173913
14760,17.84
17697,17.839473684210528
17049,17.839211356466873
15145,17.83179104477612
12725,17.825
15763,17.818360655737706
17562,17.81555555555556
16287,17.8125
13627,17.809456521739133
14232,17.80930434782609
17676,17.807532467532468
17642,17.807250000000003
12839,17.80707006369427
12948,17.801293103448277
15225,17.8
15660,17.787333333333333
14221,17.78652849740933
16292,17.779411764705884
13235,17.777068965517245
17006,17.767727272727274
17010,17.76
16403,17.75
18239,17.745568181818182
15300,17.73
13988,17.726324786324785
16818,17.72259259259259
16824,17.716923076923077
17434,17.715074626865675
17213,17.714840764331214
16572,17.712280701754388
16384,17.71212121212121
14367,17.711746641074857
12491,17.707692307692305
17374,17.70607142857143
14305,17.704380952380955
17705,17.704077669902915
16856,17.700000000000003
17831,17.700000000000003
13141,17.694444444444443
15847,17.694090909090907
16449,17.692249999999998
14745,17.684927536231886
17848,17.67058823529412
15448,17.665714285714284
13799,17.663076923076922
16134,17.659714285714287
16352,17.658571428571427
15205,17.655135135135136
17425,17.65511627906977
15745,17.65467741935484
17333,17.651785714285715
17880,17.65076923076923
13937,17.65
17480,17.648965517241383
15083,17.639999999999997
13506,17.635384615384616
14817,17.624444444444446
15092,17.608076923076922
17508,17.605
13954,17.596799999999998
15783,17.59285714285714
13398,17.59
14108,17.585588235294118
14806,17.58090909090909
16653,17.574782608695653
13494,17.570000000000004
14479,17.569444444444446
17667,17.56846153846154
12952,17.566962025316457
14189,17.56256603773585
16473,17.561666666666667
15348,17.560000000000002
17368,17.559532710280376
13923,17.5565
12498,17.55217391304348
16108,17.552083333333332
16150,17.54717948717949
14242,17.534375
13876,17.528571428571432
14862,17.525000000000002
15152,17.511771217712177
16091,17.503333333333337
13730,17.50232558139535
14276,17.4959375
16850,17.495263157894737
12513,17.494
14820,17.492758620689653
14948,17.4915873015873
14121,17.48522012578616
15156,17.481636363636365
13296,17.48
14027,17.47
18065,17.46591240875912
16982,17.45727272727273
12733,17.452272727272728
16945,17.451807228915655
13911,17.43858108108108
17728,17.430363636363637
18265,17.424130434782608
12729,17.423461538461538
13518,17.42111111111111
12591,17.41730769230769
17701,17.414583333333333
13832,17.4
12833,17.390833333333333
18209,17.387500000000003
13365,17.385703125
13652,17.382222222222225
14624,17.373076923076926
13034,17.372162162162162
13719,17.361333333333334
16992,17.358172043010754
15343,17.357142857142858
12474,17.355663507109004
12834,17.354444444444447
14639,17.351686046511627
17071,17.350214285714287
16463,17.346341463414635
17119,17.340285714285717
17830,17.334782608695654
12538,17.33095238095238
15062,17.330877192982456
12520,17.33065789473684
14064,17.329090909090905
12689,17.327916666666667
15253,17.32452830188679
16076,17.323488372093024
13033,17.322727272727274
12580,17.320833333333333
15109,17.319642857142856
16587,17.319230769230767
17088,17.31313043478261
16215,17.310714285714287
15624,17.297941176470587
13951,17.293589743589745
15881,17.289310344827587
17031,17.288636363636364
12534,17.288571428571426
15512,17.285714285714285
16855,17.28421052631579
12446,17.281206896551723
12708,17.27968152866242
13002,17.27857142857143
13127,17.278
13635,17.27467741935484
18235,17.273846153846158
15951,17.273658536585366
14388,17.273333333333326
12808,17.273214285714285
15781,17.273000000000003
16318,17.271052631578947
15618,17.263355555555556
15925,17.262500000000003
13000,17.253225806451614
13023,17.2475
14633,17.244999999999997
16458,17.24128712871287
15447,17.24111111111111
13900,17.23139534883721
16834,17.227500000000003
16471,17.22692307692308
13704,17.224328358208957
12638,17.222820512820515
14688,17.21944444444445
18255,17.216666666666665
17451,17.214000000000002
15740,17.208888888888893
13928,17.206296296296298
12827,17.206
15699,17.202777777777776
15594,17.201747572815535
15211,17.20019230769231
16488,17.200000000000003
15044,17.195337837837844
17166,17.195
17398,17.19421052631579
18151,17.193421052631578
15598,17.19142857142857
12390,17.182500000000005
13875,17.180673076923078
13557,17.178235294117645
12715,17.168
12936,17.15967741935484
14293,17.15672131147541
13850,17.155698924731183
14920,17.153859649122804
14250,17.153603603603607
13744,17.15111111111111
15727,17.1397342192691
17164,17.134375000000002
16313,17.134375
13890,17.125545454545456
13940,17.125306122448983
16851,17.1225
15264,17.11913043478261
15432,17.119
16094,17.114761904761906
17007,17.114038461538463
14105,17.111216216216214
15307,17.108333333333334
18248,17.1068085106383
12802,17.1032
14265,17.102580645161293
15680,17.09846153846154
15120,17.08666666666667
15953,17.085360824742267
16477,17.085342465753424
18183,17.08297297297297
17120,17.081111111111113
16185,17.07774193548387
17744,17.0764705882353
14836,17.075
14595,17.064705882352943
13539,17.063243243243242
16503,17.046785714285715
16147,17.045454545454547
17867,17.0275
14346,17.026333333333334
14923,17.025
15639,17.0128
17043,17.01156862745098
15676,17.00871287128713
12572,17.006999999999998
12479,17.006451612903223
17651,17.004310344827584
15729,17.0
16093,17.0
13151,16.998243243243245
14270,16.98793103448276
13044,16.983939393939394
16101,16.98289473684211
15419,16.982499999999998
16796,16.97888888888889
14625,16.97415094339623
16114,16.96875
16275,16.96575757575757
13269,16.96279365079365
16145,16.962008928571432
14038,16.960652173913047
13045,16.959999999999997
14893,16.956849315068492
12623,16.950000000000003
16516,16.95
13662,16.947307692307692
12895,16.945454545454545
16203,16.939999999999998
13873,16.93913043478261
17047,16.93692307692308
14341,16.929531250000004
12550,16.92684210526316
13487,16.923529411764708
15342,16.920416666666664
13124,16.920405405405404
13800,16.91878787878788
17422,16.91769230769231
15839,16.911129032258064
17037,16.8976
13213,16.895333333333333
18123,16.89529411764706
12951,16.89
17732,16.887222222222228
16624,16.886875
16173,16.884761904761906
12523,16.884622641509434
12957,16.88042016806723
13083,16.875
14921,16.872692307692308
12624,16.87184210526316
17624,16.869600000000002
14775,16.865
13982,16.863153153153156
12401,16.860000000000003
14770,16.85423076923077
16055,16.85
13011,16.85
18231,16.843658536585362
16212,16.837560975609758
16496,16.837052631578945
15252,16.83590909090909
17361,16.834482758620688
12546,16.833333333333332
13462,16.833333333333332
17737,16.824
16929,16.823246753246753
16309,16.823095238095238
16042,16.820999999999998
16295,16.817088607594936
16555,16.81705882352941
15963,16.81285714285714
12886,16.809756097560978
14323,16.807222222222222
13016,16.80617021276596
13707,16.80020833333333
12551,16.8
14891,16.79939393939394
14539,16.79625
16758,16.788181818181815
16201,16.788018018018022
13482,16.785454545454545
15281,16.778057553956835
13122,16.770727272727274
15755,16.767730496453897
16959,16.764285714285716
17680,16.763636363636362
14280,16.755
13867,16.7515
12935,16.749612403100773
12883,16.74928571428572
13512,16.747333333333334
17711,16.743478260869566
16807,16.740149253731346
12662,16.738173913043482
13109,16.734893617021275
15737,16.73408450704225
16244,16.733516483516482
16637,16.731449275362316
16961,16.726428571428574
12635,16.724554455445546
13865,16.718666666666667
17509,16.713296703296702
13332,16.70952380952381
13116,16.704666666666668
17649,16.70173076923077
13348,16.697142857142858
15089,16.69544827586207
15254,16.686666666666664
15811,16.68135338345865
16583,16.675
13727,16.674
17881,16.668750000000003
14222,16.662682926829266
13655,16.66017857142857
17442,16.656
16311,16.655675675675674
12599,16.654516129032256
18164,16.652083333333334
12962,16.649375000000003
13475,16.648604651162792
14307,16.642888888888887
15500,16.64058823529412
14902,16.633000000000003
12930,16.632
18250,16.631904761904764
15801,16.62421875
16790,16.61956989247312
13927,16.61857142857143
14447,16.617571428571427
13177,16.614705882352943
17298,16.613999999999997
14829,16.608333333333334
12811,16.60806451612903
16832,16.595833333333335
12680,16.592499999999998
12518,16.587822580645163
14359,16.585090909090912
13352,16.5825
14780,16.58074074074074
15090,16.57913043478261
14215,16.57148148148148
17237,16.56263157894737
14009,16.562142857142856
15210,16.559
13481,16.55559633027523
12885,16.552394366197184
16193,16.55
16519,16.544615384615387
14143,16.54285714285714
13925,16.54268292682927
13363,16.541666666666668
13706,16.539499999999997
12719,16.53717948717949
17486,16.53625
12947,16.5359793814433
16884,16.532307692307693
14286,16.53125
16494,16.5306
12915,16.529545454545453
15601,16.528195121951217
12843,16.526796116504855
16172,16.524782608695652
14331,16.523571428571426
14223,16.518833333333333
12865,16.507684210526314
15589,16.50103448275862
13470,16.5
14794,16.498875
12721,16.497701863354038
17162,16.494807692307695
14036,16.490789473684213
15655,16.49029411764706
16561,16.487741935483868
16700,16.482305194805193
14020,16.48205128205128
14916,16.48025974025974
15898,16.474166666666665
16272,16.468
13091,16.467619047619046
13372,16.46260869565217
17455,16.4625
15297,16.46
13464,16.455609756097562
14555,16.449473684210524
17320,16.446849315068494
16926,16.446428571428573
18044,16.445669291338586
12778,16.4446
12453,16.44395348837209
13842,16.435048543689323
16305,16.41909090909091
15256,16.408333333333335
14206,16.407999999999998
13436,16.4075
16127,16.40625
17278,16.402666666666665
18178,16.400103092783507
18143,16.396065573770493
13860,16.393421052631577
14497,16.392068965517243
13008,16.390714285714285
14125,16.38933734939759
15780,16.388965517241378
14291,16.385021097046412
15754,16.3775
12622,16.372727272727275
18160,16.36051282051282
14793,16.356428571428573
15121,16.34714285714286
14390,16.34707746478873
13196,16.34345454545455
17054,16.341325301204815
16571,16.34126436781609
15308,16.340526315789475
12720,16.33257062146893
15837,16.3325
17408,16.325
15399,16.3154
13654,16.309216867469882
12985,16.30763157894737
17969,16.3
13803,16.298235294117646
17734,16.29372093023256
16527,16.290000000000003
15895,16.288181818181815
15422,16.283333333333335
12999,16.28142857142857
18221,16.275156250000002
14740,16.272022471910113
13486,16.266811594202895
13064,16.258676470588238
13394,16.258193548387098
16670,16.25357142857143
12991,16.250322580645165
15449,16.242
15634,16.236666666666668
15733,16.23
12772,16.22672727272727
16250,16.226666666666667
15977,16.226615384615386
13502,16.22222222222222
15521,16.217297297297296
12565,16.21333333333333
12826,16.205714285714286
13995,16.205697674418605
15289,16.20310344827586
12463,16.202168674698793
14790,16.19695652173913
15115,16.195714285714285
15592,16.190833333333334
12494,16.183116883116885
15322,16.182857142857145
18237,16.181967213114753
14667,16.18172839506173
13294,16.18037037037037
16484,16.172
16315,16.169285714285714
18205,16.1675
16531,16.163506493506496
16789,16.16
16619,16.157857142857143
17966,16.15338235294118
16045,16.153012048192767
14078,16.144153846153845
16627,16.14
15696,16.13755952380952
17789,16.135714285714286
17325,16.133333333333333
14127,16.12977272727273
18059,16.129473684210524
13728,16.12920634920635
16574,16.122857142857146
12434,16.122799999999998
12759,16.120421052631578
16847,16.12
16841,16.119137931034484
12618,16.11909090909091
14550,16.11425531914894
13979,16.108703703703704
17692,16.10739130434783
16852,16.101111111111113
16554,16.098076923076924
13229,16.095
13807,16.085714285714285
15652,16.082857142857144
17521,16.071333333333335
13731,16.06815789473684
13210,16.067272727272726
17727,16.064393939393938
16828,16.0625
12522,16.06
16092,16.036470588235293
18146,16.035000000000004
17501,16.033333333333335
13611,16.033333333333335
18189,16.032941176470587
18232,16.026216216216216
15091,16.023666666666664
14109,16.022222222222222
12792,16.0216
14714,16.019
12966,16.018
17498,16.01294117647059
15730,16.01257142857143
16556,16.008647342995168
15018,16.006774193548388
15804,15.9938783269962
14139,15.993076923076925
18274,15.992727272727272
14696,15.99192307692308
13055,15.979078947368421
12994,15.974098360655738
12820,15.971864406779659
17623,15.971212121212123
15241,15.967636363636364
16011,15.966476190476188
15827,15.965999999999998
17684,15.960666666666667
13817,15.957499999999998
14149,15.950714285714286
18108,15.941176470588236
14759,15.940882352941179
15239,15.930408163265305
13402,15.92897435897436
13339,15.928148148148146
15656,15.925531914893616
17557,15.92529411764706
15948,15.920666666666666
15692,15.920000000000002
13575,15.914565217391303
14748,15.907303370786517
18224,15.895
13862,15.894676258992803
13018,15.890174672489085
12604,15.88625
12824,15.884799999999998
16441,15.883333333333333
16715,15.88
18176,15.878333333333334
14620,15.876153846153844
15757,15.876000000000001
17165,15.868
13563,15.867959183673468
14964,15.862307692307693
15641,15.858823529411765
14355,15.854545454545457
17138,15.854166666666666
17329,15.851818181818178
15069,15.850428571428571
15623,15.843684210526314
12654,15.841578947368422
13593,15.841574803149607
12740,15.837037037037037
16573,15.800238095238095
16963,15.792857142857144
12465,15.79127659574468
12521,15.78105263157895
16378,15.780434782608696
14641,15.780000000000001
12614,15.780000000000001
12441,15.77727272727273
15762,15.777027027027026
14334,15.754382716049383
13040,15.743953488372092
14600,15.733199999999997
13846,15.728363636363637
13310,15.722638888888888
12650,15.722
14350,15.718333333333334
15235,15.716853146853145
13924,15.716666666666665
12637,15.714397905759157
14022,15.714285714285717
14840,15.7125
16245,15.707333333333331
16025,15.702142857142858
17118,15.702000000000002
13651,15.699999999999998
13133,15.685714285714285
13774,15.681818181818182
14245,15.68009259259259
13752,15.671733333333334
15384,15.668536585365853
17781,15.668333333333335
15397,15.666666666666666
14561,15.663188405797104
15475,15.658965517241377
13389,15.646274509803922
15810,15.640224719101123
12607,15.638712871287126
17637,15.630285714285716
15428,15.63
14418,15.62298387096774
15047,15.61909090909091
13336,15.590588235294115
17871,15.589999999999998
14951,15.584499999999997
16149,15.584444444444443
15246,15.58030303030303
13510,15.578782608695656
17499,15.571999999999997
16849,15.57125
14754,15.562195121951218
14040,15.547248908296941
14173,15.546206896551725
16071,15.535238095238096
16826,15.531818181818181
15620,15.531799999999999
17041,15.528840579710145
15582,15.52068181818182
15150,15.517096774193554
15554,15.514285714285714
14311,15.513
14850,15.511904761904763
17639,15.5
18213,15.498666666666669
13592,15.497500000000002
15832,15.49611111111111
18180,15.493697478991596
15819,15.491463414634147
15157,15.488560000000001
16230,15.486571428571429
16969,15.48595238095238
14860,15.483636363636363
17035,15.483214285714286
17169,15.47740740740741
13284,15.476153846153846
14772,15.473333333333333
12790,15.472380952380954
15975,15.45875
13349,15.4575
12821,15.453333333333333
15135,15.450000000000001
17418,15.44866666666667
12364,15.448235294117646
15010,15.447
14489,15.446
18261,15.440000000000001
17277,15.439855072463766
14414,15.432783505154639
17045,15.42909090909091
17510,15.424000000000001
12925,15.423333333333336
16306,15.42121951219512
15315,15.41891891891892
12644,15.416451612903225
15675,15.413809523809524
13962,15.413636363636362
14320,15.412580645161292
14054,15.410000000000002
16658,15.405
17068,15.378851351351349
16778,15.37125
13994,15.36581081081081
17160,15.362576419213978
13449,15.362105263157895
12993,15.361481481481482
13992,15.36
12367,15.354545454545455
15395,15.35
15663,15.348888888888887
13519,15.34375
16668,15.335999999999999
13638,15.330000000000002
18150,15.312972972972974
17481,15.31207317073171
12812,15.309333333333335
13279,15.305555555555555
13507,15.303456790123454
17975,15.301228668941981
16282,15.3
17714,15.3
16648,15.297894736842103
15081,15.296969696969695
13761,15.294999999999998
16647,15.290000000000001
15279,15.29
13863,15.289000000000001
17691,15.28421052631579
16345,15.282702702702704
12571,15.28264705882353
13138,15.276031746031748
17987,15.274615384615384
13888,15.273589743589746
13385,15.27342857142857
14837,15.273148148148149
14443,15.270967741935484
17153,15.27
13594,15.268076923076924
12716,15.267971014492751
14622,15.265714285714287
16905,15.264321608040202
16934,15.262786885245903
16757,15.261428571428572
13203,15.253684210526318
13740,15.25
15274,15.24617021276596
16793,15.24
17159,15.236435643564356
18193,15.235
14483,15.233333333333333
15990,15.232884615384613
13849,15.227227722772279
17573,15.224
13886,15.2225
15220,15.204786324786324
13158,15.203291139240505
16967,15.19142857142857
12579,15.18689655172414
16529,15.175
13659,15.174757281553399
14208,15.174000000000001
13835,15.174000000000001
17612,15.173703703703703
13949,15.170749999999998
16616,15.164242424242426
13118,15.16215189873418
17628,15.15
15358,15.149183303085302
12648,15.145238095238096
13358,15.138965517241378
18130,15.134142857142855
13917,15.113333333333335
16337,15.105
15214,15.104000000000001
13515,15.103728813559322
14353,15.1
17736,15.097599999999998
13517,15.09517730496454
16297,15.094999999999999
15886,15.090833333333334
16170,15.080400000000003
13649,15.069565217391302
13636,15.065396825396828
15148,15.0645
16066,15.059801980198019
16012,15.05627659574468
12701,15.051132075471699
13198,15.04973451327434
16746,15.045292792792788
16665,15.044444444444444
17447,15.042499999999999
13792,15.042307692307691
15551,15.036551724137931
13429,15.026865671641792
14881,15.023529411764706
12868,15.019252336448597
14880,15.01282608695652
15130,15.005
15275,15.003414634146342
12836,15.002068965517239
18053,15.001
15823,15.0
14314,15.0
17763,15.0
17256,15.0
13307,15.0
13126,14.997428571428571
15527,14.990925925925927
14214,14.990746268656716
15775,14.985714285714286
13239,14.98
17174,14.975
13812,14.972222222222221
15153,14.965909090909092
15933,14.965675675675676
12576,14.952613636363635
14525,14.950000000000001
17100,14.949846153846156
12561,14.928125000000001
15402,14.92309523809524
12710,14.922337662337663
15958,14.907142857142858
13732,14.904848484848486
16816,14.895
15637,14.890666666666666
18050,14.88
12423,14.87448
15843,14.86875
13382,14.865999999999998
18155,14.8648
14904,14.86144927536232
17874,14.857826086956523
16951,14.857558139534884
17613,14.851470588235294
15346,14.848235294117648
18282,14.8375
16268,14.836666666666666
15104,14.828955223880598
13837,14.810555555555558
16416,14.808450704225354
14901,14.805104166666666
17932,14.795222222222218
15185,14.791428571428572
13735,14.787384615384617
13974,14.771071428571426
15830,14.76923076923077
14482,14.765036496350364
15172,14.76409090909091
16560,14.76157894736842
15597,14.753181818181817
15549,14.749649122807016
17629,14.748943089430893
13583,14.736415094339625
15809,14.736285714285714
12929,14.73125
17503,14.709473684210527
13065,14.704285714285714
18032,14.7
17456,14.69764705882353
13028,14.695999999999998
14815,14.68867924528302
16655,14.688062015503878
15585,14.687096774193549
18245,14.66891428571429
17522,14.667260273972603
14438,14.655555555555557
16188,14.65462686567164
13395,14.653333333333334
15599,14.648846153846156
16515,14.631891891891891
13632,14.613310344827585
16018,14.603571428571428
17878,14.594230769230771
13320,14.592380952380953
15146,14.584175824175825
15180,14.583333333333334
16063,14.57913043478261
13354,14.579019607843136
13969,14.578626817447496
14532,14.57578125
13663,14.574615384615386
18035,14.569183673469388
12501,14.559664429530203
12620,14.558804347826085
13678,14.5375
12673,14.536190476190479
15795,14.524047619047618
13681,14.523333333333335
17703,14.522545454545453
16480,14.514905660377362
16008,14.508484848484848
16598,14.504999999999999
14404,14.4932
13285,14.487272727272726
13936,14.483846153846153
13050,14.483523573200989
16625,14.481739130434782
14798,14.478333333333333
14910,14.478333333333332
12922,14.477857142857143
18086,14.477142857142857
13192,14.475238095238096
16142,14.46864864864865
14703,14.462272727272728
14385,14.43642857142857
17470,14.423974358974355
13246,14.422941176470587
15128,14.42156862745098
15670,14.420833333333334
16425,14.414285714285716
14300,14.4
14507,14.398736842105265
15243,14.394545454545455
16859,14.380961538461538
16528,14.377058823529412
17302,14.375063291139242
14883,14.369622641509432
14514,14.350724637681159
17528,14.341897233201578
12442,14.338333333333333
15450,14.328
14632,14.32
17154,14.31913043478261
14762,14.310476190476189
15568,14.307358490566036
17092,14.306693548387099
13304,14.305714285714286
18211,14.287380952380953
17636,14.278
15002,14.27617391304348
15237,14.265858585858584
13097,14.259429928741097
13588,14.246839080459768
13032,14.227887323943662
15106,14.2252
15540,14.219999999999999
17787,14.199531250000001
16603,14.190294117647058
12832,14.186296296296298
16913,14.18
16279,14.177169811320754
16968,14.175161290322581
14142,14.173181818181819
16830,14.170000000000002
14140,14.167424242424241
13717,14.166764705882356
13491,14.137441860465119
16266,14.12934426229508
16434,14.12897196261682
14218,14.123333333333335
12738,14.122727272727275
13801,14.121739130434781
14913,14.108390804597699
13161,14.09375
13233,14.072558139534884
15234,14.071428571428571
15899,14.0625
17664,14.06139534883721
17171,14.056875
15388,14.053999999999998
15789,14.051999999999998
17293,14.04590909090909
17591,14.03611464968153
13483,14.033999999999997
15888,14.025833333333331
17064,14.02377049180328
15114,14.01299492385787
13004,13.999777227722774
15992,13.996666666666664
17517,13.994545454545454
15530,13.993551401869158
13670,13.988000000000001
13828,13.966
14725,13.94851063829787
12982,13.947857142857142
14666,13.946428571428571
15912,13.927368421052632
16589,13.916363636363636
14013,13.91235294117647
17618,13.884776119402984
17475,13.883571428571429
17148,13.875555555555556
12902,13.868
13430,13.866326530612247
14128,13.858695652173912
16803,13.845833333333333
14541,13.84142857142857
14050,13.821481481481483
13419,13.81625
16036,13.798545454545456
16928,13.797549019607844
18277,13.7975
15626,13.791836734693877
16050,13.790000000000001
16774,13.781666666666666
16718,13.773863636363636
15139,13.766153846153845
15411,13.764591836734692
18072,13.746666666666666
13919,13.743214285714288
15836,13.737
16723,13.723809523809523
17977,13.72095238095238
13833,13.708928571428572
14818,13.704166666666666
15544,13.693861003861006
15366,13.69340909090909
15213,13.681249999999999
15314,13.665416666666667
13618,13.64153846153846
14699,13.64125
13668,13.628142548596118
13309,13.61485981308411
17110,13.608333333333334
14889,13.59
14393,13.59
16364,13.572884615384615
18112,13.565000000000001
17631,13.546923076923077
13626,13.53842105263158
17370,13.520606060606063
17078,13.507142857142858
12703,13.502380952380953
15178,13.5
13364,13.495999999999999
16224,13.492708333333331
13048,13.477111111111112
13146,13.465294117647058
15921,13.459583333333333
17429,13.459487179487182
13504,13.45136363636364
16644,13.448064516129032
14530,13.43713615023474
17446,13.433333333333335
15776,13.423333333333334
14540,13.41774647887324
15261,13.41157894736842
14177,13.401463414634147
15039,13.382931618144893
13283,13.379999999999999
14420,13.362758620689652
17030,13.351818181818182
13142,13.351739130434781
13884,13.349152542372881
17315,13.335944798301487
18158,13.335294117647058
16983,13.327762237762236
14272,13.271515151515153
14589,13.25
13334,13.216301886792456
16369,13.20863247863248
12484,13.19918367346939
12581,13.180666666666667
15840,13.16888888888889
12492,13.160500000000003
15539,13.133170731707319
16600,13.121290322580647
13978,13.119333333333335
12845,13.114444444444443
15983,13.081428571428571
15007,13.075833333333334
15028,13.065208333333333
14865,13.05
15263,13.042499999999999
17769,13.017861842105264
15433,13.00731707317073
15570,13.005705329153606
13898,12.994166666666667
17489,12.987586206896554
16714,12.977701149425286
15725,12.9765625
13117,12.959342105263158
14014,12.953333333333331
16611,12.949000000000002
18145,12.94819004524887
15994,12.945937500000001
13809,12.920833333333333
17767,12.914285714285715
17117,12.91111111111111
16440,12.91017730496454
17601,12.889999999999999
15203,12.871830985915494
16597,12.862857142857143
14219,12.848571428571429
13221,12.839545454545455
16933,12.800681818181818
13904,12.793846153846156
15646,12.789714285714288
15319,12.78125
14981,12.765
12602,12.76
13503,12.755882352941178
17956,12.75
14096,12.749909998043412
12686,12.734285714285715
15604,12.728823529411764
15386,12.714193548387097
12855,12.700000000000001
17806,12.698604651162789
16980,12.697037037037038
17643,12.69375
13972,12.683333333333334
12938,12.682222222222222
14152,12.679387755102042
16006,12.674999999999999
12651,12.666666666666666
13101,12.64875
17535,12.646153846153847
13939,12.634444444444444
16987,12.63125
15353,12.624918032786887
15690,12.618947368421054
17217,12.61111111111111
16610,12.610000000000001
13697,12.608333333333334
14437,12.599999999999998
17155,12.584999999999999
17405,12.57817073170732
16081,12.553452914798202
14672,12.549999999999999
16808,12.540000000000001
12718,12.539473684210527
12937,12.535583333333335
14344,12.534225352112676
17693,12.529374999999998
13218,12.527999999999999
13314,12.515161290322581
14586,12.49263157894737
18010,12.485714285714286
15829,12.473333333333334
14321,12.445121951219514
16734,12.43769230769231
17600,12.436153846153845
14387,12.428776978417266
14099,12.41668
13095,12.399999999999999
15563,12.393274336283184
16782,12.393169398907103
14158,12.381951219512194
16407,12.379047619047615
13617,12.367727272727272
15174,12.340909090909092
17855,12.292352941176471
17349,12.28125
15124,12.279333333333332
16242,12.259794520547944
16482,12.256666666666668
16112,12.23375
16593,12.223333333333333
14715,12.21661971830986
14089,12.211538461538462
15820,12.175294117647057
13167,12.174307692307691
17222,12.17222222222222
15023,12.152640144665463
14799,12.13076923076923
18016,12.111967213114756
16518,12.108
14878,12.099098360655738
14450,12.08125
12854,12.075688073394494
16327,12.051324921135647
15831,12.040000000000001
15986,12.008571428571427
13745,12.001600000000002
17537,11.995540540540542
14512,11.968695652173912
17997,11.966219512195119
15572,11.95009433962264
14562,11.949331742243437
17299,11.938363636363636
17232,11.936285714285713
18249,11.9175
13159,11.911249999999999
15415,11.906595744680853
14077,11.890952380952383
15844,11.885454545454547
14805,11.878260869565219
17569,11.866896551724135
13411,11.863888888888889
16009,11.854999999999999
15708,11.8507326007326
13148,11.805320512820515
13581,11.8
13278,11.798478260869565
14958,11.79829268292683
14959,11.78677966101695
15645,11.769423076923077
14808,11.768831168831166
16581,11.76
16161,11.748768577494694
17817,11.747878787878786
16889,11.693851851851852
14461,11.683666666666669
14049,11.670962343096233
16743,11.648052631578947
14898,11.645045871559633
14073,11.61846153846154
13573,11.61
15744,11.6
13700,11.590876288659794
18078,11.590689655172413
18077,11.589282511210763
14162,11.5744
13600,11.553684210526315
18281,11.545714285714284
16938,11.539063829787237
17800,11.526310679611651
17760,11.503599999999999
18262,11.49846153846154
16084,11.47842105263158
15272,11.459365079365078
13155,11.432470588235295
16030,11.422068965517242
15571,11.411052631578949
18106,11.402702702702703
14080,11.399999999999999
17343,11.390588235294118
14476,11.352941176470589
17373,11.349473684210528
13737,11.32
14800,11.310156657963446
16923,11.292460063897773
14002,11.270851063829788
13621,11.255263157894738
14167,11.251800000000001
14271,11.232000000000001
16900,11.229240506329116
14554,11.229014778325123
17128,11.220714285714283
16054,11.19857142857143
14547,11.196478873239435
15987,11.193515625
12837,11.175000000000002
16713,11.164426494345713
16984,11.148800000000003
17887,11.135000000000002
14068,11.077083333333334
14046,11.070714285714285
13182,11.016363636363637
17888,11.015384615384615
17364,10.991822660098524
14976,10.984166666666667
16729,10.983734756097562
17211,10.98208530805687
15034,10.959384615384618
13467,10.937857142857144
17538,10.935555555555554
16466,10.931232876712329
16667,10.907307692307693
16915,10.906666666666668
14896,10.901627906976746
14518,10.898125
17764,10.880985915492957
15508,10.8725
16433,10.838823529411764
17075,10.832727272727272
15774,10.831999999999999
16271,10.804923076923078
13460,10.790588235294118
15984,10.777635658914727
16775,10.773949044585986
15024,10.765986842105262
15326,10.748620689655173
14470,10.725348837209301
18067,10.711621621621623
17234,10.706428571428571
17869,10.7045
14572,10.704351145038164
17042,10.686391752577318
16104,10.650357142857144
16052,10.648823529411764
17791,10.61
17596,10.591283018867925
15507,10.574666666666667
14161,10.554038461538461
14584,10.54142857142857
15376,10.530689655172415
15747,10.518222222222223
12723,10.508260869565216
15163,10.49896551724138
15494,10.496557377049182
17214,10.486336633663365
16332,10.48211920529801
16400,10.480344827586206
16952,10.475624999999999
13069,10.451509433962265
15906,10.451266666666667
17181,10.431304347826087
13991,10.400975609756099
17790,10.393121693121692
13715,10.359519230769232
17050,10.342987012987013
16899,10.333821138211382
13527,10.333456221198155
13168,10.31420634920635
17844,10.312000000000001
14869,10.306428571428572
14104,10.295714285714284
18204,10.288281249999999
13110,10.266689655172412
13243,10.265263157894736
15917,10.258333333333335
17365,10.252387096774193
16924,10.245555555555555
13938,10.237142857142857
15957,10.211666666666666
17400,10.183689320388348
13171,10.18282608695652
13166,10.175609756097563
16536,10.15037037037037
17785,10.149230769230769
16354,10.148717948717948
13869,10.143585526315789
17022,10.14285714285714
14498,10.14155440414508
13561,10.132857142857143
16326,10.130733333333332
17288,10.125928571428569
14415,10.113246977547496
15467,10.093846153846155
17889,10.0685
16208,10.064545454545454
15053,10.057246376811595
17377,10.045346534653465
12847,10.04333333333333
14395,9.999741379310345
14659,9.999723320158104
16940,9.999606557377048
15869,9.976
12877,9.972532467532464
16347,9.969999999999997
13787,9.969032258064514
15916,9.95271523178808
13742,9.92929712460064
15097,9.9232
13240,9.905223880597015
17253,9.903333333333334
14436,9.895555555555555
15517,9.889999999999999
14085,9.868950892857143
16056,9.859848484848484
13471,9.84976377952756
17387,9.826447368421052
14769,9.808832391713743
13066,9.808333333333332
13955,9.786666666666667
15578,9.776923076923076
14030,9.747272727272728
15175,9.745217391304347
15051,9.741971830985914
13280,9.737317073170733
16385,9.734385964912281
15533,9.729759036144578
18082,9.726285714285714
15714,9.706764705882353
16255,9.703370370370372
13080,9.68
12942,9.65142857142857
12841,9.641497584541066
15406,9.636037735849056
16448,9.631052631578948
17861,9.579360730593608
16517,9.570588235294117
14660,9.524666666666665
16769,9.51421052631579
17837,9.513765432098765
14702,9.508157894736842
17589,9.502648221343874
14536,9.497222222222222
17124,9.491612903225807
15897,9.481363636363637
15318,9.473333333333333
16283,9.462710843373495
15271,9.444469696969696
15452,9.437142857142858
15550,9.43655737704918
16823,9.431052631578947
14779,9.418292682926829
15716,9.411196581196581
17911,9.390512820512821
13140,9.388222222222224
17356,9.38
17431,9.379069767441859
17811,9.374178743961355
12940,9.371770833333334
13174,9.361160409556312
15035,9.36037037037037
14524,9.359543147208122
12784,9.347719298245615
13623,9.33
13184,9.323743016759776
15952,9.308452380952382
16393,9.299571865443422
17750,9.29592391304348
17564,9.265510204081632
13508,9.2475
17827,9.24339534883721
17928,9.240869565217391
14157,9.236739130434783
16362,9.220649350649351
15821,9.209032258064516
16792,9.198333333333332
17802,9.178857142857144
17602,9.173176043557168
17228,9.16389423076923
16550,9.159243027888447
15518,9.150238095238095
17449,9.127572463768116
17759,9.110666666666667
12872,9.090454545454547
16730,9.062317073170732
16221,9.061684210526314
17194,9.055862068965517
16719,9.031734693877551
15556,9.024838709677418
15743,9.022790697674417
15799,9.021836734693878
17463,9.018557692307692
15531,9.006347031963472
17338,9.006296809986132
13686,9.0
13189,8.988965517241379
14978,8.978364485981308
17579,8.978000000000002
17289,8.952115384615386
16804,8.949833333333334
18181,8.947560975609756
18041,8.946222707423583
16755,8.942
14224,8.93566371681416
14428,8.934744525547446
18168,8.923384615384615
17362,8.920857142857141
15855,8.903
17179,8.897375
12517,8.89462365591398
17191,8.871525423728812
13570,8.870000000000001
17576,8.867736318407964
18099,8.858421052631579
16768,8.85351851851852
15351,8.834063926940638
16322,8.83108108108108
16771,8.829173228346455
16978,8.828974358974358
15528,8.820384615384615
14527,8.761204943357372
16409,8.757489177489175
17357,8.736136363636364
17236,8.725047619047618
17892,8.717857142857143
16971,8.712439024390243
14535,8.703780487804876
14692,8.699264705882355
13273,8.68625
17223,8.685208333333334
14689,8.676923076923078
16485,8.658333333333335
14534,8.656102362204724
16669,8.646666666666667
15443,8.638682795698925
12617,8.609268292682927
17287,8.598852459016394
13291,8.597857142857142
16479,8.595142857142859
17015,8.59163551401869
14697,8.57318181818182
17267,8.572972972972973
16880,8.571436781609194
16361,8.569326923076924
17994,8.542911392405065
15891,8.527999999999999
16206,8.524761904761904
17359,8.524
14658,8.52241379310345
17886,8.52235294117647
17796,8.518518518518519
15016,8.502
14462,8.50030042918455
16022,8.487746478873241
17454,8.48409836065574
17376,8.466666666666667
15750,8.46408934707904
16413,8.458064516129033
14731,8.444888888888888
18203,8.443157894736842
14465,8.44260162601626
17758,8.436138613861383
14647,8.430000000000001
17085,8.400000000000002
17912,8.38
14988,8.3635
15918,8.35575
16918,8.350156250000001
14487,8.324857142857141
13634,8.319139784946238
17073,8.310862068965516
15867,8.300958605664489
15834,8.271933085501857
17939,8.261666666666667
17403,8.2475
16712,8.245
14653,8.233547008547006
14711,8.23078260869565
13208,8.227364864864866
13173,8.224418604651163
14810,8.209960629921259
16431,8.201052631578946
16806,8.195268817204301
14960,8.195185185185187
16225,8.181492537313433
13030,8.178695652173914
15164,8.164158415841584
16059,8.1638202247191
14581,8.152941176470588
13614,8.130564102564101
15996,8.130551181102362
13637,8.124242424242425
17014,8.103194444444444
15700,8.10093023255814
16693,8.099322033898305
15883,8.091428571428573
16601,8.09
15607,8.05846153846154
17295,8.044117647058824
13782,8.043008849557523
18129,8.039285714285715
17779,8.028641975308643
16243,8.02156862745098
17965,7.997507692307691
16376,7.991475409836065
14903,7.986657142857142
17111,7.9865517241379305
18009,7.9803225806451605
13322,7.9792000000000005
17634,7.968209459459457
16919,7.951687116564417
17774,7.932875816993464
15004,7.927077922077922
16721,7.9045945945945935
15058,7.904285714285714
16284,7.890097087378639
14713,7.876331360946747
18114,7.860714285714286
15408,7.858235294117647
16897,7.831891891891891
16205,7.810618556701031
15014,7.808181818181819
15553,7.798727272727274
16444,7.793690476190475
16033,7.782641843971633
13790,7.751111111111111
13656,7.74795918367347
17708,7.745000000000001
16117,7.740333333333333
16965,7.738076923076923
17062,7.729420289855074
14701,7.725045871559633
13067,7.697333333333333
18019,7.69
15026,7.688524590163934
16204,7.6836
14100,7.678
14963,7.6684375
17397,7.65629213483146
16343,7.641395348837209
17233,7.6352
16726,7.633370786516854
13301,7.630740740740741
17201,7.62578947368421
17432,7.62
17795,7.618444444444445
14553,7.604159292035398
17109,7.597327586206896
15858,7.59345744680851
14669,7.58578313253012
14335,7.581
14379,7.567391304347828
17757,7.558635135135139
14034,7.545232558139536
18127,7.545217391304349
14649,7.540806451612902
16447,7.5267647058823535
17799,7.522698019801981
13781,7.5200000000000005
14570,7.519310344827586
12867,7.50812734082397
14591,7.501193181818183
14056,7.493299632352942
15456,7.492931034482758
12748,7.489959211420788
17590,7.489897959183673
13975,7.480972644376902
17946,7.478999999999999
14505,7.4642420382165655
16800,7.452884615384614
17392,7.45125
17551,7.4446153846153855
15292,7.432916666666667
15320,7.420277777777778
15052,7.418928571428572
17105,7.397555555555557
14690,7.3968750000000005
16026,7.3778125
16495,7.366590909090909
12531,7.365882352941177
16883,7.364324324324325
14965,7.359135802469138
17515,7.345057471264368
13764,7.340193236714975
16483,7.334210526315789
13268,7.331986143187067
17673,7.31637614678899
15852,7.305000000000001
17251,7.2927027027027025
15965,7.287117117117117
14130,7.286515151515152
18001,7.28298245614035
14573,7.223876651982377
15748,7.218000000000001
17198,7.210625
14067,7.205769230769231
17218,7.2028413284132835
16395,7.194466019417476
13176,7.186417910447761
13859,7.184285714285714
15900,7.176170212765957
15454,7.164
16247,7.16
16780,7.156610169491525
16930,7.148867924528304
17893,7.147333333333333
12965,7.1278703703703705
16023,7.126831683168317
15522,7.106964285714286
15679,7.102545454545455
14971,7.083741935483871
15407,7.072567567567566
15280,7.07
15547,7.065611510791367
13666,7.054166666666666
17913,7.045689655172414
14796,7.045485865724387
15022,7.044545454545456
15746,7.031428571428571
17797,7.030900900900901
14578,7.02625
14098,7.016666666666667
13601,7.003232323232322
15009,6.996833333333334
14472,6.99120754716981
14577,6.989512195121951
14594,6.987115384615385
12904,6.986760563380282
17611,6.986102292768961
15535,6.9847222222222225
12856,6.9799999999999995
15894,6.97972972972973
13607,6.964020618556701
16368,6.955217391304348
15860,6.943597122302159
17461,6.941698113207546
13956,6.933809523809523
13606,6.91875
17870,6.910703703703703
17309,6.895833333333333
17507,6.881590909090909
16942,6.8772202166064975
13357,6.847191011235955
14247,6.838499999999999
16356,6.831290322580647
17542,6.83
17220,6.825588865096356
15579,6.825
17250,6.820892857142858
16629,6.8105
17950,6.791549295774647
17229,6.782127659574468
13226,6.763124999999999
15493,6.759204152249133
15464,6.739677419354837
14041,6.733809523809522
14657,6.7319047619047625
16498,6.7313333333333345
14719,6.731234042553192
16520,6.708782051282051
17238,6.70108108108108
14467,6.699550561797753
13451,6.693441108545036
14396,6.684794520547944
15339,6.675232558139536
14623,6.666917293233081
15701,6.64782608695652
14506,6.646271186440676
16418,6.643368421052632
17321,6.637979797979799
15577,6.637948717948718
16907,6.634
16017,6.62125
17625,6.602614379084967
13959,6.600444444444444
16773,6.599615384615385
15444,6.594439252336448
16753,6.5858823529411765
17125,6.585714285714285
13716,6.584761904761903
13822,6.583333333333333
13232,6.575990099009901
16383,6.568979591836736
16750,6.567684210526315
13755,6.567165109034266
17765,6.564821428571428
13077,6.558738738738739
16016,6.542455357142855
18120,6.538235294117647
13821,6.536271186440678
15349,6.533943661971832
14765,6.515641025641026
17114,6.5131707317073175
16906,6.506860465116279
14664,6.492244897959184
13772,6.489190751445086
15184,6.487096774193548
16903,6.485714285714287
15752,6.485432098765431
14546,6.483450881612088
14651,6.4727722772277225
16330,6.4592307692307696
13673,6.4573333333333345
17890,6.449340659340659
14722,6.4435714285714285
16869,6.434015748031496
15790,6.4338235294117645
13546,6.4029896907216495
17189,6.395833333333334
13187,6.378918918918918
16348,6.376801801801801
14972,6.37611111111111
15000,6.370389610389612
14629,6.368399999999999
17895,6.363333333333332
17550,6.36095238095238
18212,6.355
16222,6.340573770491803
13565,6.321578947368421
13780,6.315964912280702
16367,6.304488188976378
18105,6.304444444444445
14504,6.292149532710282
16795,6.286060606060605
14082,6.2844827586206895
17931,6.282461538461539
15017,6.279000000000001
14171,6.272241379310345
17180,6.271759999999999
12844,6.268461538461538
16710,6.263934010152286
15438,6.263199999999999
17345,6.26132530120482
15532,6.233984063745018
18119,6.23103448275862
15471,6.225753424657534
17358,6.220862068965517
16200,6.21436046511628
17920,6.194736842105264
15440,6.188387096774194
12923,6.172142857142857
17859,6.170434782608696
17864,6.165000000000002
16533,6.1523295454545455
17884,6.151061946902654
14675,6.148041237113401
16460,6.145681818181819
14081,6.144133333333333
13571,6.143941176470587
16809,6.138859060402685
14451,6.132380952380953
16914,6.125333333333333
17566,6.125140845070422
16261,6.122184873949579
17839,6.11826923076923
16720,6.117999999999999
15998,6.1115476190476175
15573,6.094742268041237
12988,6.094216867469879
13603,6.086666666666668
14698,6.086349999999999
17906,6.075
17530,6.069538461538462
15923,6.051428571428572
16438,6.048106060606061
17582,6.043793103448275
18013,6.041612903225806
15506,6.037763975155279
15988,6.03
14716,6.029607843137255
12920,6.02888888888889
17891,5.995882352941176
17059,5.992976653696496
15529,5.985800604229606
14432,5.964190981432361
15800,5.956324786324787
16115,5.952974910394265
16349,5.944444444444445
15031,5.93809090909091
13584,5.933333333333333
17027,5.92945945945946
17459,5.921621621621621
15584,5.908688524590164
13379,5.902680412371134
18125,5.89453125
16370,5.8909954751131215
17231,5.884595103578154
16085,5.877305389221556
15466,5.868947368421052
17458,5.861111111111111
12508,5.851176470588236
17894,5.827916666666666
15861,5.8276296296296275
16727,5.825454545454547
13708,5.823061224489796
17901,5.809473684210527
17835,5.800677966101695
17375,5.798550724637681
14410,5.790894736842106
17921,5.7762676056338025
17793,5.775769230769232
16511,5.775660377358491
17051,5.73547619047619
12573,5.7335714285714285
12933,5.7314150943396225
15511,5.699556962025316
12893,5.69516129032258
17385,5.691333333333334
12956,5.687894736842105
13121,5.674600000000001
16399,5.666944444444444
14083,5.666101694915254
15862,5.665850340136055
17516,5.6657777777777785
17284,5.66144329896907
15005,5.66130395683453
16464,5.646347826086956
17976,5.6454385964912275
15059,5.644388185654007
14357,5.628
17433,5.614074074074074
16504,5.613012048192769
15721,5.611904761904762
14998,5.6063513513513525
12838,5.599583333333333
16031,5.5908163265306134
13212,5.580354609929077
18101,5.56
17843,5.553513513513513
18156,5.538032786885246
17019,5.517894736842104
18252,5.5135106382978725
13548,5.513495934959351
14413,5.502272727272728
16904,5.4943609022556394
18027,5.490952380952381
15904,5.489333333333334
15038,5.48592
13642,5.478596491228071
16744,5.474194915254237
14453,5.451363636363637
15356,5.44695390781563
16686,5.440955882352941
16791,5.432420382165603
17898,5.430714285714286
17346,5.430393374741201
17348,5.430046948356807
16877,5.427051282051282
16360,5.425172955974841
14585,5.415517241379311
16274,5.411538461538462
16770,5.407857142857142
18014,5.407333333333333
15555,5.405704622322435
15719,5.402867883995704
15025,5.402388059701493
17221,5.39483870967742
14871,5.390107526881722
16113,5.379333333333333
18110,5.372972972972973
16474,5.372848664688426
16697,5.3690476190476195
17585,5.368653846153846
13560,5.356875
17290,5.343854166666667
17654,5.343181818181819
16887,5.342499999999999
16892,5.342164948453608
17372,5.327410358565737
17904,5.325588235294118
15068,5.32076923076923
17979,5.307318840579711
15552,5.301176470588236
17988,5.292631578947368
14974,5.290588235294117
14953,5.2901851851851855
16426,5.279773371104814
17936,5.279583333333333
17841,5.2787701928087465
14813,5.271724137931035
17812,5.261729323308271
17571,5.260774907749076
14037,5.257142857142858
13439,5.2538888888888895
13137,5.244963609898107
16776,5.232957746478873
16685,5.2296774193548385
16725,5.229448275862069
16339,5.225
17514,5.21625
14419,5.206881188118813
17961,5.206586345381526
14984,5.188974358974359
17247,5.186851851851852
14174,5.171538461538462
14549,5.165
16402,5.148245614035089
15435,5.14793103448276
16931,5.1409367945823945
14234,5.130068027210885
15993,5.115414364640884
17038,5.109090909090909
15426,5.10570909090909
15033,5.1041516966067855
17344,5.0845161290322585
14966,5.08388888888889
17367,5.077272727272728
13566,5.070059171597634
16392,5.067209302325581
12556,5.038319327731092
13610,5.0340930232558145
14178,5.032264150943396
13760,5.0314035087719295
16065,5.02931506849315
17935,5.027241379310345
18122,5.022577030812325
16960,5.020297029702971
15723,5.018421052631578
14165,5.0183333333333335
17897,5.016759259259259
18200,5.011666666666667
17259,5.010603448275862
17379,4.996410256410257
17899,4.985483870967742
15967,4.971
16010,4.9670886075949365
15889,4.942
18196,4.93978417266187
15866,4.927674418604651
15453,4.9167383512544784
17604,4.9104761904761896
17070,4.9070967741935485
15427,4.899109589041095
15472,4.888947368421054
14382,4.88484126984127
17813,4.8795114942528715
14957,4.8741666666666665
14508,4.873636363636364
17371,4.865116279069769
15335,4.863428571428571
17954,4.851425576519916
15429,4.845731707317073
14830,4.843076923076923
14048,4.822705882352942
16411,4.8113636363636365
17052,4.808313253012048
17580,4.793777777777779
12890,4.768607594936709
17852,4.764166666666667
15870,4.74918918918919
17609,4.745836909871245
12391,4.72752688172043
17964,4.726632653061223
14662,4.722101910828025
17303,4.717735849056604
17595,4.715731707317073
15525,4.7075000000000005
17660,4.703947368421053
16805,4.699897959183674
13230,4.694429301533218
16885,4.691770833333334
16014,4.6871739130434795
17883,4.678450704225352
15720,4.677578125
16936,4.676785714285715
15787,4.666299999999999
17323,4.648820512820513
16777,4.6379166666666665
15537,4.621666666666667
15910,4.61984962406015
17248,4.618115942028985
18043,4.602521739130435
17836,4.592083333333334
14823,4.591857142857144
16470,4.590060975609756
17081,4.585873015873016
17555,4.5743809523809515
13598,4.572571428571429
17219,4.5692
15543,4.566428571428571
17545,4.555460992907801
16657,4.554322916666668
17771,4.552037037037037
13596,4.548698630136986
17360,4.545919999999999
16412,4.5329999999999995
17097,4.523317535545024
14606,4.5110758311542725
13244,4.5088888888888885
17265,4.508278688524591
17972,4.506333333333333
18088,4.487297297297298
13193,4.4832
15707,4.473073170731708
14179,4.46859872611465
16461,4.4662500000000005
13263,4.4612657468506365
15976,4.454583333333333
13827,4.454347826086957
18118,4.45374505146477
14071,4.450681114551082
15437,4.4479999999999995
16007,4.445695538057743
15574,4.445
14598,4.439399999999999
16878,4.433333333333334
14729,4.415352112676056
14710,4.4079411764705885
18069,4.396586433260393
17914,4.391466666666667
18117,4.384027777777778
16549,4.362054054054055
12977,4.36
17860,4.354807692307692
13568,4.35
17341,4.345796178343949
14093,4.3386
14723,4.333436293436292
18096,4.331938775510204
16706,4.319918699186992
14452,4.3175
17274,4.3128
15919,4.308934426229508
14349,4.306451612903226
16794,4.303956834532373
17908,4.296851851851852
12577,4.291780821917809
18036,4.288510638297873
13569,4.286329113924051
16374,4.281926605504587
18005,4.273018867924528
18004,4.268108108108109
17974,4.266606060606061
12512,4.263870967741935
16415,4.261063829787234
14587,4.259541778975742
14499,4.254947368421053
16595,4.237176470588236
17783,4.230895522388061
15021,4.215698198198195
18018,4.211724137931034
16121,4.189509803921568
17999,4.18010989010989
15516,4.162000000000001
18045,4.147441860465117
16916,4.135367647058823
12743,4.123129770992366
14730,4.10729437229437
14362,4.094594594594595
13838,4.089818181818182
15457,4.087413793103448
14593,4.087086092715232
15167,4.071794871794872
15504,4.063846153846153
17266,4.062739726027397
17252,4.057093023255813
15048,4.053191489361702
14052,4.024285714285714
16788,4.01614864864865
17472,4.0088505747126435
14502,3.9964309210526294
16891,3.991559139784946
17126,3.9897177419354826
14968,3.988918918918919
16764,3.9870714285714284
16728,3.9858555133079845
16024,3.984603174603175
16241,3.9546717557251894
17383,3.946734693877551
17614,3.9420408163265304
14159,3.940723404255321
17255,3.9389189189189193
14652,3.937241379310345
17786,3.9242647058823534
15907,3.905840707964602
16015,3.8925414364640893
15877,3.891507936507937
16813,3.8783568075117376
16372,3.866630434782609
14995,3.866333333333334
18126,3.8638461538461537
16110,3.862426900584794
14204,3.861794871794872
13736,3.8410526315789477
15019,3.8304545454545456
14954,3.8292207792207793
15460,3.826071428571429
15863,3.8244444444444436
18034,3.8061818181818183
17337,3.802418426103645
14704,3.8014249363867667
16340,3.7894326241134757
18116,3.7819676549865213
16738,3.75
18022,3.73609756097561
16386,3.735432098765432
16666,3.7181249999999997
15853,3.6933333333333334
18037,3.6852631578947372
16324,3.6809909909909915
18011,3.671071428571428
17561,3.6693333333333333
15436,3.6692439862542954
16445,3.658888888888889
13474,3.6587096774193544
16469,3.6574269005847957
14446,3.6474729241877246
17917,3.641630434782609
15006,3.639242424242424
14656,3.638125
13170,3.627
14381,3.619285714285714
15545,3.6121250000000003
15036,3.6097478991596645
13667,3.603012048192772
17957,3.6025806451612907
16049,3.5946822742474924
13533,3.587866666666667
15154,3.5814084507042248
15334,3.579795918367347
14375,3.5690909090909093
16442,3.5631578947368423
14449,3.5432000000000006
13544,3.539230769230769
14485,3.539130434782609
14592,3.5312658227848104
14985,3.518192771084338
13558,3.5178698224852076
13259,3.4960493827160493
17772,3.469
15644,3.4635344827586207
16454,3.45
17286,3.440227272727273
17608,3.4283928571428564
15880,3.4273958333333336
16594,3.416792452830189
17777,3.4082105263157896
15325,3.3695833333333334
14801,3.3217543859649123
15012,3.3200000000000007
17968,3.27283950617284
16674,3.271397849462366
14583,3.268079470198675
16895,3.26241935483871
16893,3.242888888888889
12506,3.195652173913043
14670,3.1939837398373987
16898,3.191273885350318
13532,3.1865151515151515
14456,3.186145723336852
17984,3.1808333333333336
15901,3.1687387387387385
12970,3.1431782945736435
14044,3.137961165048544
16932,3.129791666666667
14792,3.1
14684,3.080794871794871
17962,3.0120588235294115
17885,2.9498113207547165
15541,2.9355172413793102
15872,2.9282407407407414
17619,2.8968918918918916
14552,2.8810526315789473
16005,2.8791542288557217
18033,2.843030303030303
13428,2.841971830985916
17960,2.8376923076923077
18283,2.8370735090152563
14087,2.815735294117647
12851,2.8044680851063832
16921,2.8032727272727276
15920,2.791666666666667
16910,2.7687339449541275
17301,2.766779661016949
15756,2.764450261780105
17263,2.758260869565217
15041,2.7262121212121215
14529,2.7164788732394367
14076,2.6970454545454547
15483,2.681666666666667
17967,2.6730952380952377
15054,2.6500000000000004
15276,2.6251020408163264
16406,2.6161016949152547
17297,2.615918367346939
18015,2.6093478260869567
13521,2.5639473684210516
15060,2.5586956521739133
17832,2.547049180327869
15850,2.5255913978494626
17254,2.443153153153153
13271,2.4309195402298855
13684,2.245862068965517
17816,2.150588235294118
15503,2.1369696969696967
13256,0.0
